step,best_fitness,avg_hamming,avg_l1,avg_entropy,mean,median,std,2%,5%,10%,25%,50%,75%,90%,95%,98%
40,-0.5390108227729797,126.5698013305664,20.680795669555664,173.3823669433594,0.5390108823776245,0.5373762845993042,0.00876222550868988,0.5232328176498413,0.5263457894325256,0.5278406143188477,0.5330405831336975,0.5373762845993042,0.5439920425415039,0.5523691177368164,0.5552157163619995,0.5592540502548218
80,-0.544694721698761,125.23699188232422,27.388086318969727,169.9412872314453,0.5446946620941162,0.5438992977142334,0.009297396056354046,0.5274357795715332,0.532289981842041,0.5329124331474304,0.5387225151062012,0.5438992977142334,0.551082968711853,0.5561040639877319,0.562240719795227,0.5638242959976196
120,-0.5480422973632812,124.04280090332031,32.354461669921875,166.7721710205078,0.548042356967926,0.5477942228317261,0.00867002084851265,0.5287498235702515,0.5350325703620911,0.5385700464248657,0.5421420931816101,0.5477942228317261,0.5534282326698303,0.5604023337364197,0.5634910464286804,0.5647223591804504
160,-0.5506491661071777,122.94746398925781,36.27700424194336,163.82139892578124,0.5506491661071777,0.5507472157478333,0.007523822598159313,0.5352751016616821,0.5391873717308044,0.5408611297607422,0.5450487732887268,0.5507472157478333,0.554816722869873,0.5622597336769104,0.5636603832244873,0.5647223591804504
200,-0.5529524683952332,121.8447036743164,39.43006134033203,161.01211853027343,0.5529525279998779,0.5529614090919495,0.0072258105501532555,0.5401232242584229,0.5416756868362427,0.5424918532371521,0.5483948588371277,0.5529614090919495,0.5573912262916565,0.5630637407302856,0.5643834471702576,0.567326009273529
240,-0.555054783821106,120.73607635498047,42.17940139770508,158.25091552734375,0.5550548434257507,0.554256021976471,0.007851374335587025,0.5418062210083008,0.5422918796539307,0.5458899736404419,0.5506507754325867,0.554256021976471,0.5598059892654419,0.5638008117675781,0.5658099055290222,0.5681103467941284
280,-0.5573033690452576,119.7419662475586,44.50444030761719,155.70769348144532,0.5573033690452576,0.5562413930892944,0.007130800746381283,0.545835554599762,0.5465484261512756,0.5492272973060608,0.5530370473861694,0.5562413930892944,0.5621546506881714,0.5650931596755981,0.5672977566719055,0.5713427066802979
320,-0.5588799715042114,118.78496551513672,46.5300407409668,153.28228149414062,0.5588799715042114,0.5580775737762451,0.00733924750238657,0.545835554599762,0.5484249591827393,0.5500338077545166,0.5545340776443481,0.5580775737762451,0.5633095502853394,0.5663331747055054,0.5713138580322266,0.5750676393508911
360,-0.560951828956604,117.8138198852539,48.33681106567383,150.9229949951172,0.560951828956604,0.560440182685852,0.007950497791171074,0.5463613867759705,0.5497568845748901,0.5523565411567688,0.5553613305091858,0.560440182685852,0.564734697341919,0.5705822706222534,0.5750522613525391,0.5802807211875916
400,-0.562709629535675,116.78814697265625,49.938804626464844,148.53232116699218,0.562709629535675,0.5630182027816772,0.008248250931501389,0.5483044385910034,0.5500362515449524,0.5532992482185364,0.5563693046569824,0.5630182027816772,0.5672858357429504,0.5728927850723267,0.5765327215194702,0.5802807211875916
440,-0.5644915699958801,115.790771484375,51.2158088684082,146.319287109375,0.5644915699958801,0.5646630525588989,0.008004754781723022,0.5513269305229187,0.5530284643173218,0.554700493812561,0.5584750175476074,0.5646630525588989,0.5688883066177368,0.5750267505645752,0.578443169593811,0.5803221464157104
480,-0.5661576986312866,114.85318756103516,52.42139434814453,144.1824920654297,0.5661576986312866,0.5663352608680725,0.007657098583877087,0.5519394278526306,0.5545954704284668,0.5562101006507874,0.5608641505241394,0.5663352608680725,0.5710315108299255,0.5751761198043823,0.578443169593811,0.5803221464157104
520,-0.5680172443389893,114.0073471069336,53.5971794128418,142.12079467773438,0.5680172443389893,0.5673606395721436,0.007579655386507511,0.5550904870033264,0.5560134649276733,0.5581652522087097,0.5637794137001038,0.5673606395721436,0.5721773505210876,0.5771725177764893,0.5802813172340393,0.5817103385925293
560,-0.5695825219154358,113.04625701904297,54.5203857421875,140.0713317871094,0.5695825815200806,0.5684326887130737,0.007470846641808748,0.5552392601966858,0.5575899481773376,0.5612333416938782,0.5651577115058899,0.5684326887130737,0.5731639862060547,0.5798876285552979,0.5813874006271362,0.586397647857666
600,-0.5720614790916443,112.1576919555664,55.53925704956055,137.99927978515626,0.5720614194869995,0.5712601542472839,0.007881754077970982,0.5570744276046753,0.561104416847229,0.5636711120605469,0.5671893358230591,0.5712601542472839,0.5768723487854004,0.5806658864021301,0.5856552720069885,0.5927926301956177
640,-0.5743646025657654,111.2319107055664,56.392333984375,136.00003051757812,0.5743646621704102,0.5727341175079346,0.00794347282499075,0.5611134767532349,0.5637946724891663,0.5654295086860657,0.5696086883544922,0.5727341175079346,0.5796104073524475,0.5837303400039673,0.590587317943573,0.5940967798233032
680,-0.5761699080467224,110.33098602294922,57.209991455078125,134.00193481445314,0.5761699676513672,0.5760676264762878,0.007966643199324608,0.5640529990196228,0.5650569796562195,0.5656619668006897,0.5708242654800415,0.5760676264762878,0.5803123116493225,0.5858476758003235,0.5927320122718811,0.5957726836204529
720,-0.5780279636383057,109.51667785644531,58.016963958740234,132.11272583007812,0.5780279636383057,0.577491044998169,0.008433407172560692,0.5640529990196228,0.5652968287467957,0.5672904253005981,0.5721373558044434,0.577491044998169,0.582004725933075,0.591113269329071,0.5940892100334167,0.5957726836204529
760,-0.5808929800987244,108.660888671875,58.67277145385742,130.2532745361328,0.5808930397033691,0.5800740122795105,0.009248866699635983,0.5655878782272339,0.566862940788269,0.5706380009651184,0.5749241709709167,0.5800740122795105,0.5869004130363464,0.5927343368530273,0.5960370302200317,0.600727379322052
800,-0.5834721326828003,107.79620361328125,59.3195915222168,128.3618591308594,0.5834720730781555,0.5819398760795593,0.008754918351769447,0.5668606162071228,0.5724871754646301,0.5732946991920471,0.5771142244338989,0.5819398760795593,0.5892496109008789,0.5941318869590759,0.5970859527587891,0.6049519181251526
840,-0.5853000283241272,107.00914764404297,59.93561935424805,126.58838806152343,0.585300087928772,0.5842868685722351,0.0085411062464118,0.5697644352912903,0.5730863213539124,0.57548588514328,0.5793154835700989,0.5842868685722351,0.5899324417114258,0.5957902073860168,0.6006692051887512,0.6053531169891357
880,-0.5871138572692871,106.17049407958984,60.470245361328125,124.79295196533204,0.5871138572692871,0.5869845747947693,0.008803727105259895,0.5729188323020935,0.5752665400505066,0.5769919157028198,0.5808001160621643,0.5869845747947693,0.591585636138916,0.597443699836731,0.6049580574035645,0.6085488200187683
920,-0.589685320854187,105.3071060180664,60.94183349609375,122.96601867675781,0.5896853804588318,0.5888240337371826,0.008527114987373352,0.5745247602462769,0.5776464939117432,0.5796934366226196,0.58402419090271,0.5888240337371826,0.5945813655853271,0.6011567711830139,0.6053622961044312,0.6123616099357605
960,-0.5913404226303101,104.50676727294922,61.4429817199707,121.20741119384766,0.5913404226303101,0.5897451639175415,0.008170007728040218,0.5775918364524841,0.5790424942970276,0.580463171005249,0.5867193341255188,0.5897451639175415,0.5957592129707336,0.6033583879470825,0.6053622961044312,0.6123616099357605
1000,-0.593891978263855,103.70250701904297,61.84082794189453,119.48052825927735,0.5938920378684998,0.593021035194397,0.008496480993926525,0.5792368650436401,0.5813974738121033,0.5840606689453125,0.5888556838035583,0.593021035194397,0.5976414680480957,0.6066193580627441,0.6102732419967651,0.6129288673400879
1040,-0.5953690409660339,102.9090805053711,62.264156341552734,117.76563262939453,0.5953691005706787,0.5943399667739868,0.008285567164421082,0.5806682705879211,0.5826234817504883,0.5854842066764832,0.5894877910614014,0.5943399667739868,0.5997834205627441,0.608274519443512,0.6102732419967651,0.6129288673400879
1080,-0.5980002284049988,102.1058578491211,62.554908752441406,116.12991333007812,0.5980003476142883,0.5970228910446167,0.009417491033673286,0.5814006924629211,0.5829979181289673,0.5881165862083435,0.5907899141311646,0.5970228910446167,0.6038984656333923,0.609827995300293,0.6123789548873901,0.6142403483390808
1120,-0.600334882736206,101.25724029541016,62.8549690246582,114.40719146728516,0.600334882736206,0.5990896224975586,0.00891195610165596,0.5846897959709167,0.588137149810791,0.5893071293830872,0.5945644378662109,0.5990896224975586,0.6064941883087158,0.6112901568412781,0.6129289269447327,0.615983784198761
1160,-0.6017135381698608,100.40260314941406,63.1109733581543,112.6948745727539,0.6017135381698608,0.6000528335571289,0.009096476249396801,0.5868912935256958,0.5888354778289795,0.5896775126457214,0.5953490734100342,0.6000528335571289,0.6079226732254028,0.6124539375305176,0.6155139803886414,0.6178349852561951
1200,-0.6037998795509338,99.61096954345703,63.311317443847656,111.09630126953125,0.6037998795509338,0.6033229231834412,0.00935349427163601,0.5877310037612915,0.5893648862838745,0.5912216901779175,0.5972144603729248,0.6033229231834412,0.610701322555542,0.6153133511543274,0.6170799732208252,0.6223041415214539
1240,-0.6055370569229126,98.8302001953125,63.5379753112793,109.47961730957032,0.6055370569229126,0.6051343679428101,0.00946793332695961,0.587746798992157,0.5896838903427124,0.5918450951576233,0.599017858505249,0.6051343679428101,0.6124528646469116,0.6163971424102783,0.6182587146759033,0.6237694025039673
1280,-0.6077336668968201,98.03781127929688,63.687618255615234,107.8944320678711,0.6077337265014648,0.6085325479507446,0.008754156529903412,0.591212809085846,0.5929853916168213,0.5961014032363892,0.6022797226905823,0.6085325479507446,0.6132153868675232,0.6177366375923157,0.6221791505813599,0.624107837677002
1320,-0.6100698709487915,97.34362030029297,63.9184684753418,106.37599182128906,0.6100698709487915,0.6098698973655701,0.009035281836986542,0.5929942727088928,0.594590961933136,0.5980566740036011,0.6043720245361328,0.6098698973655701,0.6153586506843567,0.6213067173957825,0.6259227395057678,0.6293449401855469
1360,-0.6119210124015808,96.60426330566406,64.08389282226562,104.8823486328125,0.6119210124015808,0.6114081144332886,0.009274625219404697,0.5943938493728638,0.5963736772537231,0.6001595854759216,0.606056809425354,0.6114081144332886,0.6179978847503662,0.6242944002151489,0.6290370225906372,0.6310846209526062
1400,-0.6143949627876282,95.8563461303711,64.1889419555664,103.40867462158204,0.6143949627876282,0.6137877702713013,0.009169950149953365,0.5944169163703918,0.598358154296875,0.6039211750030518,0.6083470582962036,0.6137877702713013,0.6199947595596313,0.6270522475242615,0.63109290599823,0.6325200200080872
1440,-0.6168161630630493,95.12225341796875,64.3477554321289,101.87118072509766,0.6168161630630493,0.6164189577102661,0.009173441678285599,0.5963121652603149,0.604072093963623,0.6060543656349182,0.6110172867774963,0.6164189577102661,0.6232086420059204,0.6292062997817993,0.6315920352935791,0.6349619626998901
1480,-0.6183707118034363,94.358642578125,64.40807342529297,100.3552017211914,0.6183706521987915,0.618340790271759,0.009533551521599293,0.5963121652603149,0.6052259802818298,0.6073744893074036,0.6114717125892639,0.618340790271759,0.624755859375,0.6311182975769043,0.6350022554397583,0.6372764706611633
1520,-0.6205106973648071,93.64403533935547,64.47167205810547,98.92756805419921,0.6205106973648071,0.619605302810669,0.01051868125796318,0.5963121652603149,0.6060535311698914,0.6085633039474487,0.6123749613761902,0.619605302810669,0.6280484199523926,0.6347256302833557,0.6381363272666931,0.6404281854629517
1560,-0.6230835318565369,92.90361785888672,64.50589752197266,97.46156005859375,0.6230834722518921,0.6221729516983032,0.010207715444266796,0.6054715514183044,0.6069336533546448,0.6099203824996948,0.6160038113594055,0.6221729516983032,0.6305243968963623,0.6372116208076477,0.6400166153907776,0.6412636041641235
1600,-0.6249407529830933,92.18041229248047,64.5391616821289,96.01988525390625,0.624940812587738,0.62469482421875,0.009869227185845375,0.6063055396080017,0.6088088154792786,0.6116774678230286,0.6191734075546265,0.62469482421875,0.6311943531036377,0.6383923888206482,0.6406860947608948,0.6445852518081665
1640,-0.6276521682739258,91.45728302001953,64.56150817871094,94.59195251464844,0.6276521682739258,0.6266237497329712,0.010814300738275051,0.6069236397743225,0.6090268492698669,0.6147326827049255,0.6212947964668274,0.6266237497329712,0.635188639163971,0.6415566205978394,0.6463098526000977,0.6477178931236267
1680,-0.6295840740203857,90.76996612548828,64.54607391357422,93.24315643310547,0.6295840740203857,0.6287457942962646,0.010253330692648888,0.608849823474884,0.6138520836830139,0.6167703866958618,0.6228677034378052,0.6287457942962646,0.6372401714324951,0.6427711844444275,0.647268533706665,0.6477178931236267
1720,-0.631350576877594,90.14019012451172,64.62250518798828,91.86284027099609,0.631350576877594,0.6324515342712402,0.010470043867826462,0.6094957590103149,0.6162958145141602,0.6187739372253418,0.6241645216941833,0.6324515342712402,0.6384032368659973,0.6449486613273621,0.6484938859939575,0.6521816253662109
1760,-0.633500337600708,89.4421615600586,64.5855484008789,90.52870330810546,0.6335002779960632,0.6339237093925476,0.010715038515627384,0.6094957590103149,0.6166383028030396,0.619411289691925,0.626956582069397,0.6339237093925476,0.6404674053192139,0.6471116542816162,0.6487714052200317,0.6521816253662109
1800,-0.6352014541625977,88.71876525878906,64.48027801513672,89.21464538574219,0.6352014541625977,0.6352956891059875,0.010534150525927544,0.6151445508003235,0.6174641847610474,0.6205716133117676,0.6283597350120544,0.6352956891059875,0.6424075365066528,0.648784875869751,0.6521978378295898,0.6549450159072876
1840,-0.6368424296379089,88.09581756591797,64.50918579101562,87.90376434326171,0.6368424296379089,0.6374372243881226,0.010038763284683228,0.6151445508003235,0.6204824447631836,0.6256023645401001,0.6301597952842712,0.6374372243881226,0.6433258056640625,0.649210512638092,0.6521978378295898,0.6550012230873108
1880,-0.6383300423622131,87.40238189697266,64.4326171875,86.5762939453125,0.6383300423622131,0.6380589008331299,0.01016069483011961,0.615249752998352,0.6206492185592651,0.6262463927268982,0.6320465803146362,0.6380589008331299,0.6451091170310974,0.6497592926025391,0.6546040177345276,0.6600150465965271
1920,-0.6401612758636475,86.76837158203125,64.3980941772461,85.27852935791016,0.6401612758636475,0.6402608156204224,0.010036882013082504,0.6168808937072754,0.6206492185592651,0.6296891570091248,0.6338587999343872,0.6402608156204224,0.6464638710021973,0.6524021625518799,0.6579119563102722,0.6600834727287292
1960,-0.6420518159866333,86.10162353515625,64.31495666503906,83.98384704589844,0.6420518755912781,0.6423287391662598,0.010304134339094162,0.6192179322242737,0.6206492185592651,0.6310804486274719,0.6369422674179077,0.6423287391662598,0.6483484506607056,0.6540113091468811,0.660015881061554,0.6636981964111328
2000,-0.6434604525566101,85.4833755493164,64.27735137939453,82.68588104248047,0.6434604525566101,0.6434535384178162,0.010959125123918056,0.6204946637153625,0.6228325963020325,0.6321182250976562,0.6375585794448853,0.6434535384178162,0.6494905948638916,0.6567150950431824,0.6604148149490356,0.6655958890914917
2040,-0.6452982425689697,84.92890930175781,64.27532196044922,81.44268493652343,0.645298182964325,0.6441361904144287,0.01082279160618782,0.6242852807044983,0.6258273124694824,0.6322159767150879,0.6388827562332153,0.6441361904144287,0.6522774696350098,0.6581920981407166,0.6620697975158691,0.6656230092048645
2080,-0.6471154689788818,84.4166488647461,64.3124771118164,80.2558807373047,0.6471154093742371,0.647728681564331,0.011154567822813988,0.6244296431541443,0.6270316243171692,0.6339552402496338,0.6398390531539917,0.647728681564331,0.6547702550888062,0.6600715517997742,0.6637157201766968,0.6662481427192688
2120,-0.6484407186508179,83.87273406982422,64.28456115722656,79.06111907958984,0.6484407782554626,0.6487072110176086,0.010891945101320744,0.6258641481399536,0.6278911828994751,0.6352065205574036,0.6423940658569336,0.6487072110176086,0.6561620831489563,0.6606699824333191,0.6647580862045288,0.6662481427192688
2160,-0.6506660580635071,83.28795623779297,64.21542358398438,77.90481262207031,0.6506661176681519,0.6514279842376709,0.010725539177656174,0.6278641819953918,0.6319590210914612,0.6382123827934265,0.6436221599578857,0.6514279842376709,0.6581211090087891,0.6630375385284424,0.6651660799980164,0.666420042514801
2200,-0.6525872945785522,82.72513580322266,64.14785766601562,76.733740234375,0.6525871753692627,0.6538927555084229,0.010619882494211197,0.6318248510360718,0.637032687664032,0.6389548182487488,0.6450810432434082,0.6538927555084229,0.6585502028465271,0.6649013757705688,0.6669096350669861,0.6702470779418945
2240,-0.6542490124702454,82.2110366821289,64.11653900146484,75.58967437744141,0.6542490124702454,0.6560972332954407,0.011036130599677563,0.6319428086280823,0.6374159455299377,0.6406219601631165,0.6472482681274414,0.6560972332954407,0.6609746813774109,0.6660061478614807,0.6693881154060364,0.6770725250244141
2280,-0.6554734706878662,81.62081146240234,63.986995697021484,74.43363800048829,0.6554734706878662,0.6565131545066833,0.01098618097603321,0.6319521069526672,0.6374159455299377,0.6424350738525391,0.6479088068008423,0.6565131545066833,0.6636074185371399,0.6687890887260437,0.6693881154060364,0.6770725250244141
2320,-0.6571084260940552,81.1451416015625,63.98440170288086,73.31436767578126,0.6571083664894104,0.6582163572311401,0.011086982674896717,0.6355492472648621,0.6410760283470154,0.6436192989349365,0.6479186415672302,0.6582163572311401,0.6653205156326294,0.6694197654724121,0.671646773815155,0.6770821213722229
2360,-0.6586554050445557,80.57331085205078,63.86532211303711,72.17159576416016,0.6586554050445557,0.6601464748382568,0.010804585181176662,0.637024998664856,0.6410760283470154,0.6452831625938416,0.6496106386184692,0.6601464748382568,0.6670098304748535,0.6713390946388245,0.6734855771064758,0.6770821213722229
2400,-0.6604399085044861,80.09040069580078,63.82399368286133,71.04657897949218,0.6604399085044861,0.6626080870628357,0.011214795522391796,0.637036144733429,0.642704963684082,0.6462138891220093,0.6522909998893738,0.6626080870628357,0.6687999367713928,0.6740522384643555,0.675122857093811,0.6771431565284729
2440,-0.661994457244873,79.56692504882812,63.7175178527832,69.98031768798828,0.661994457244873,0.6642922163009644,0.011027698405086994,0.6385205984115601,0.6427157521247864,0.6480070948600769,0.6541340351104736,0.6642922163009644,0.6692304611206055,0.6745913028717041,0.6760122776031494,0.6795580983161926
2480,-0.6635920405387878,79.07862854003906,63.64834213256836,68.8675033569336,0.6635921597480774,0.6656272411346436,0.010728930123150349,0.6413018703460693,0.644905149936676,0.6492451429367065,0.6563452482223511,0.6656272411346436,0.6699131727218628,0.6757661700248718,0.6794321537017822,0.6814394593238831
2520,-0.6649845838546753,78.577392578125,63.55402374267578,67.77216033935547,0.6649846434593201,0.6667718887329102,0.011426150798797607,0.6413087248802185,0.644905149936676,0.6507505178451538,0.657947838306427,0.6667718887329102,0.6719316244125366,0.6782616376876831,0.6816842555999756,0.6854260563850403
2560,-0.6663118004798889,78.10723114013672,63.4788818359375,66.72981567382813,0.6663118004798889,0.6673256158828735,0.011279960162937641,0.6418360471725464,0.6478624939918518,0.6534993648529053,0.6589192152023315,0.6673256158828735,0.6728174090385437,0.6810128688812256,0.6821067929267883,0.6854260563850403
2600,-0.66776442527771,77.6845703125,63.429931640625,65.72076568603515,0.66776442527771,0.6681442260742188,0.011151203885674477,0.6462245583534241,0.6509772539138794,0.6554463505744934,0.6594095230102539,0.6681442260742188,0.6760287284851074,0.6818698048591614,0.6852262616157532,0.6895712614059448
2640,-0.6693320870399475,77.19303131103516,63.29376220703125,64.71529235839844,0.6693321466445923,0.6691040396690369,0.010957318358123302,0.6462245583534241,0.6509964466094971,0.6570307612419128,0.6611407995223999,0.6691040396690369,0.6768375635147095,0.682111382484436,0.6854554414749146,0.6905642151832581
2680,-0.6705718636512756,76.73286437988281,63.18597412109375,63.74023208618164,0.6705718040466309,0.6706355810165405,0.010685943067073822,0.648853063583374,0.6533851027488708,0.6576505303382874,0.6640163064002991,0.6706355810165405,0.6773331165313721,0.6823859214782715,0.6857416033744812,0.692633330821991
2720,-0.6719284057617188,76.28465270996094,63.089962005615234,62.717464447021484,0.671928346157074,0.671859622001648,0.010311325080692768,0.6522843241691589,0.6557307839393616,0.658298134803772,0.6650334596633911,0.671859622001648,0.6776675581932068,0.6840487718582153,0.6868488788604736,0.6962693929672241
2760,-0.673004150390625,75.7721939086914,62.91706466674805,61.736290740966794,0.6730040907859802,0.6738268136978149,0.010616856627166271,0.6522843241691589,0.6557307839393616,0.6584744453430176,0.6654564142227173,0.6738268136978149,0.6795097589492798,0.6852830052375793,0.6895760297775269,0.6962792873382568
2800,-0.674067497253418,75.28202056884766,62.75285720825195,60.73904724121094,0.6740674376487732,0.6744394302368164,0.010734454728662968,0.6534328460693359,0.6561375856399536,0.6608551740646362,0.6667709946632385,0.6744394302368164,0.6806002259254456,0.6861903071403503,0.6926186680793762,0.6963900923728943
2840,-0.6754353046417236,74.8974609375,62.69279861450195,59.78578262329101,0.6754353046417236,0.6752833127975464,0.01187896728515625,0.6536176800727844,0.6572850942611694,0.660861611366272,0.6681842803955078,0.6752833127975464,0.6813342571258545,0.6895562410354614,0.696221649646759,0.7023622393608093
2880,-0.6776835322380066,74.47236633300781,62.570369720458984,58.8762321472168,0.6776834726333618,0.6775797605514526,0.011529292911291122,0.6558341979980469,0.6602927446365356,0.6646454334259033,0.6694412231445312,0.6775797605514526,0.6849951148033142,0.6909740567207336,0.6963831186294556,0.7023622393608093
2920,-0.6793653964996338,74.09603118896484,62.48556137084961,57.988888549804685,0.6793653964996338,0.6800243854522705,0.011799154803156853,0.6558341979980469,0.6602927446365356,0.6668388247489929,0.6711568832397461,0.6800243854522705,0.68605637550354,0.6946987509727478,0.6981468200683594,0.703608512878418
2960,-0.680936872959137,73.77013397216797,62.4471549987793,57.157039642333984,0.6809368133544922,0.681218147277832,0.012079764157533646,0.6558341979980469,0.6603265404701233,0.6681488156318665,0.6723684072494507,0.681218147277832,0.688119649887085,0.6967265605926514,0.700977623462677,0.7053384184837341
3000,-0.6823910474777222,73.42520904541016,62.392547607421875,56.27060394287109,0.6823911070823669,0.6823455095291138,0.01158229447901249,0.6584570407867432,0.6644500494003296,0.6691015958786011,0.6744087338447571,0.6823455095291138,0.6891814470291138,0.6975698471069336,0.7023993134498596,0.7053384184837341
3040,-0.6831852793693542,73.08040618896484,62.3148193359375,55.41193542480469,0.6831852793693542,0.6825692057609558,0.011371021158993244,0.6584570407867432,0.6653780937194824,0.6703038811683655,0.6750991344451904,0.6825692057609558,0.6894837021827698,0.6975698471069336,0.7023993134498596,0.7056291699409485
3080,-0.6841665506362915,72.72528076171875,62.2288932800293,54.56942138671875,0.684166669845581,0.6835054159164429,0.011204471811652184,0.6592132449150085,0.6653780937194824,0.6707572937011719,0.6774172186851501,0.6835054159164429,0.6906450390815735,0.6977152228355408,0.7023993134498596,0.7056291699409485
3120,-0.684857189655304,72.36547088623047,62.1372184753418,53.718102264404294,0.684857189655304,0.6849560737609863,0.011131580919027328,0.6603496074676514,0.6653780937194824,0.6718072295188904,0.6782755851745605,0.6849560737609863,0.6924941539764404,0.6980688571929932,0.7023993134498596,0.7056291699409485
3160,-0.6860893368721008,72.06925201416016,62.0859260559082,52.90126953125,0.6860893368721008,0.6860535144805908,0.011326274834573269,0.6603496074676514,0.6684755682945251,0.6718626022338867,0.6802840232849121,0.6860535144805908,0.6931502819061279,0.7001122832298279,0.7035884261131287,0.7062350511550903
3200,-0.6875550746917725,71.73078918457031,62.000179290771484,52.06748580932617,0.6875550746917725,0.6876910328865051,0.011461637914180756,0.6603496074676514,0.6692665815353394,0.6740520596504211,0.6815086603164673,0.6876910328865051,0.6953549385070801,0.7015679478645325,0.7039875388145447,0.7072009444236755
3240,-0.6881477236747742,71.41233825683594,61.929603576660156,51.2207633972168,0.6881477236747742,0.6883864402770996,0.011133592575788498,0.6603496074676514,0.6695852875709534,0.6747506260871887,0.6818044781684875,0.6883864402770996,0.6954882144927979,0.7024010419845581,0.7039875388145447,0.7072009444236755
3280,-0.689554750919342,71.09529876708984,61.82915115356445,50.46128387451172,0.689554750919342,0.6894353628158569,0.011152303777635098,0.6645239591598511,0.6714323163032532,0.6774797439575195,0.682465672492981,0.6894353628158569,0.6981736421585083,0.7035065293312073,0.706241250038147,0.7078627347946167
3320,-0.6906275749206543,70.73674011230469,61.6901969909668,49.67870025634765,0.6906275153160095,0.6905195713043213,0.011327559128403664,0.6646125316619873,0.6736897230148315,0.6783117055892944,0.6827672719955444,0.6905195713043213,0.6992064118385315,0.7041137218475342,0.7067350149154663,0.7112810015678406
3360,-0.6920164823532104,70.3971939086914,61.58037185668945,48.87148208618164,0.6920164227485657,0.6925257444381714,0.011278782039880753,0.6646125316619873,0.6742238998413086,0.6787539124488831,0.6838950514793396,0.6925257444381714,0.6999342441558838,0.7042545080184937,0.70676189661026,0.7121130228042603
3400,-0.6927931308746338,70.08963012695312,61.49941635131836,48.0836540222168,0.6927931308746338,0.6930761337280273,0.011005331762135029,0.6690263152122498,0.6747103929519653,0.6787571907043457,0.6853240132331848,0.6930761337280273,0.7001499533653259,0.7046375274658203,0.7076927423477173,0.7121130228042603
3440,-0.6939154863357544,69.74712371826172,61.37713623046875,47.28888931274414,0.6939154863357544,0.6934804916381836,0.01086239144206047,0.670210063457489,0.6781287789344788,0.6827625036239624,0.6858906745910645,0.6934804916381836,0.7022818326950073,0.7061321139335632,0.7093234658241272,0.7125805020332336
3480,-0.6951248049736023,69.48336029052734,61.309871673583984,46.550313568115236,0.6951248049736023,0.6945759654045105,0.01112404279410839,0.670210063457489,0.6781749725341797,0.6827625036239624,0.6874618530273438,0.6945759654045105,0.7033882141113281,0.7085037231445312,0.7121480107307434,0.7173499464988708
3520,-0.6960906982421875,69.1845474243164,61.19753646850586,45.8096305847168,0.6960906982421875,0.6956994533538818,0.011224417015910149,0.6712042093276978,0.6784323453903198,0.6831532120704651,0.6894948482513428,0.6956994533538818,0.7042746543884277,0.7092452049255371,0.7121480107307434,0.7173596024513245
3560,-0.6968337893486023,68.8745346069336,61.07206344604492,45.12374496459961,0.6968337297439575,0.6958633661270142,0.011121193878352642,0.6739583611488342,0.6787837147712708,0.683688223361969,0.6906445026397705,0.6958633661270142,0.7044848203659058,0.7099964022636414,0.7129590511322021,0.7181995511054993
3600,-0.6980424523353577,68.57917022705078,60.96692657470703,44.42992248535156,0.6980424523353577,0.6972876787185669,0.010964596644043922,0.6767162084579468,0.6811128854751587,0.6847392916679382,0.6919737458229065,0.6972876787185669,0.7046762108802795,0.7121613621711731,0.7150254845619202,0.7181995511054993
3640,-0.6987279057502747,68.32430267333984,60.911598205566406,43.716043853759764,0.6987279653549194,0.6988441944122314,0.010969843715429306,0.6776266694068909,0.6811128854751587,0.6850918531417847,0.6924861669540405,0.6988441944122314,0.7052006721496582,0.7124386429786682,0.7150692939758301,0.7196915745735168
3680,-0.6995547413825989,68.09538269042969,60.87903594970703,43.008374786376955,0.6995547413825989,0.6992127895355225,0.010962367057800293,0.6784257888793945,0.6818959712982178,0.6868019104003906,0.6927106380462646,0.6992127895355225,0.7060918807983398,0.713436484336853,0.715111494064331,0.7254195213317871
3720,-0.7007127404212952,67.83263397216797,60.78558349609375,42.33864212036133,0.7007127404212952,0.7002975344657898,0.010905895382165909,0.6784257888793945,0.6827260851860046,0.689032256603241,0.6943246722221375,0.7002975344657898,0.7070838212966919,0.7141528725624084,0.7181973457336426,0.7254195213317871
3760,-0.7012615203857422,67.59854888916016,60.73414993286133,41.651773071289064,0.7012614607810974,0.7010458707809448,0.010825738310813904,0.67898029088974,0.6830748915672302,0.689032256603241,0.6946069598197937,0.7010458707809448,0.7073053121566772,0.7141528725624084,0.7181973457336426,0.7254195213317871
3800,-0.7020465731620789,67.31966400146484,60.63337326049805,40.986883544921874,0.7020465731620789,0.7020865678787231,0.010724744759500027,0.6805605292320251,0.6839327812194824,0.689032256603241,0.695859432220459,0.7020865678787231,0.7073880434036255,0.7150128483772278,0.7185085415840149,0.7254740595817566
3840,-0.7030858397483826,67.07357025146484,60.54181671142578,40.35058059692383,0.7030858397483826,0.7029705047607422,0.010756573639810085,0.6822670698165894,0.6853047013282776,0.6911936402320862,0.6970437169075012,0.7029705047607422,0.7082322835922241,0.7162236571311951,0.719611406326294,0.7260085940361023
3880,-0.7033618688583374,66.86678314208984,60.49215316772461,39.710205078125,0.703361988067627,0.7034366726875305,0.010856849141418934,0.6822670698165894,0.6853047013282776,0.6912412643432617,0.6970437169075012,0.7034366726875305,0.7089036703109741,0.7163078784942627,0.719611406326294,0.7281256318092346
3920,-0.7040145993232727,66.66570281982422,60.4355354309082,39.06383438110352,0.7040145993232727,0.7045415639877319,0.010872618295252323,0.6822670698165894,0.6853047013282776,0.6917086839675903,0.6972521543502808,0.7045415639877319,0.7093263864517212,0.7165773510932922,0.7196259498596191,0.7281256318092346
3960,-0.7047837376594543,66.44878387451172,60.36723709106445,38.46701354980469,0.7047837972640991,0.7051756381988525,0.010768290609121323,0.6845933794975281,0.6861451864242554,0.6917633414268494,0.6984772086143494,0.7051756381988525,0.7099729776382446,0.7177829742431641,0.7196259498596191,0.7281256318092346
4000,-0.70585036277771,66.24359893798828,60.3099250793457,37.885643005371094,0.7058504223823547,0.7060210704803467,0.010462147183716297,0.6852787137031555,0.6887482404708862,0.6937534809112549,0.6997350454330444,0.7060210704803467,0.7112400531768799,0.7183070778846741,0.7207252383232117,0.7281256318092346
4040,-0.7065376043319702,65.9794692993164,60.1937255859375,37.245870971679686,0.7065377831459045,0.7061713933944702,0.010621675290167332,0.6852787137031555,0.6887482404708862,0.6944403052330017,0.7006479501724243,0.7061713933944702,0.7126692533493042,0.7188359498977661,0.7231621146202087,0.728949785232544
4080,-0.7070773243904114,65.81278228759766,60.168434143066406,36.65285034179688,0.7070773243904114,0.7063233852386475,0.010723641142249107,0.6852787137031555,0.688873291015625,0.6959635615348816,0.7009000778198242,0.7063233852386475,0.7144213914871216,0.7193331122398376,0.7241696715354919,0.728949785232544
4120,-0.7076641917228699,65.66593170166016,60.14653396606445,36.08503036499023,0.7076641917228699,0.7064087390899658,0.010782351717352867,0.6860864162445068,0.6905426383018494,0.6960746049880981,0.701529860496521,0.7064087390899658,0.7148011326789856,0.7206295728683472,0.7241696715354919,0.728949785232544
4160,-0.7086841464042664,65.46406555175781,60.073280334472656,35.49064712524414,0.7086841464042664,0.7073482275009155,0.010585143230855465,0.6886841654777527,0.6930376291275024,0.6962952613830566,0.7025430202484131,0.7073482275009155,0.7158699035644531,0.7209036350250244,0.7241696715354919,0.7348940372467041
4200,-0.7093130946159363,65.26356506347656,60.0030403137207,34.92348861694336,0.709313154220581,0.7074840664863586,0.010617097839713097,0.6886841654777527,0.6930376291275024,0.6981903314590454,0.7038458585739136,0.7074840664863586,0.7161945104598999,0.7212598919868469,0.7265415191650391,0.7348940372467041
4240,-0.7098997235298157,65.12139129638672,59.97310256958008,34.40307464599609,0.7098998427391052,0.7088919878005981,0.010576016269624233,0.6887642741203308,0.6932112574577332,0.6986250281333923,0.7040536403656006,0.7088919878005981,0.7171011567115784,0.7219341993331909,0.7275084257125854,0.7348940372467041
4280,-0.7107326984405518,64.95995330810547,59.932125091552734,33.85217056274414,0.710732638835907,0.7095708250999451,0.010511309839785099,0.6905492544174194,0.6933380961418152,0.6987694501876831,0.7046041488647461,0.7095708250999451,0.7173699736595154,0.723514199256897,0.7289022207260132,0.7348991632461548
4320,-0.7111795544624329,64.76740264892578,59.849220275878906,33.34587097167969,0.7111795544624329,0.7099574208259583,0.010344970040023327,0.6905492544174194,0.6934770345687866,0.7000023722648621,0.7050487995147705,0.7099574208259583,0.7179468870162964,0.723990797996521,0.7289022207260132,0.7348991632461548
4360,-0.711902379989624,64.56309509277344,59.76063919067383,32.77137985229492,0.7119023203849792,0.7107489705085754,0.010423999279737473,0.6930351853370667,0.6942495107650757,0.7000023722648621,0.7053306698799133,0.7107489705085754,0.7183963060379028,0.7248419523239136,0.7311934232711792,0.7348991632461548
4400,-0.7125609517097473,64.44454193115234,59.755714416503906,32.25077781677246,0.7125609517097473,0.7116415500640869,0.010585022158920765,0.6930351853370667,0.6942495107650757,0.7000023722648621,0.7060431838035583,0.7116415500640869,0.7188187837600708,0.7258057594299316,0.731947660446167,0.7349916100502014
4440,-0.7131648063659668,64.2912826538086,59.71169662475586,31.743178176879884,0.713164746761322,0.7128486633300781,0.010430189780890942,0.6937518119812012,0.6957140564918518,0.7002713084220886,0.7063910961151123,0.7128486633300781,0.719192624092102,0.7258511781692505,0.731947660446167,0.7354117035865784
4480,-0.7136106491088867,64.07610321044922,59.60238265991211,31.240733337402343,0.7136107683181763,0.7139092683792114,0.010271345265209675,0.694261372089386,0.6957140564918518,0.7015899419784546,0.7066617608070374,0.7139092683792114,0.719192624092102,0.7259548902511597,0.731947660446167,0.7355639338493347
4520,-0.7143236398696899,63.921363830566406,59.55141067504883,30.744009017944336,0.7143236398696899,0.7145103216171265,0.010453342460095882,0.694261372089386,0.6988288164138794,0.701647162437439,0.7067916989326477,0.7145103216171265,0.7194514274597168,0.7292428016662598,0.7321066856384277,0.7363540530204773
4560,-0.714949905872345,63.8035774230957,59.538570404052734,30.23104476928711,0.7149499654769897,0.714935839176178,0.010533350519835949,0.6942901015281677,0.6988288164138794,0.701647162437439,0.7083879113197327,0.714935839176178,0.7202343344688416,0.7296004891395569,0.7335131764411926,0.737030565738678
4600,-0.7155969142913818,63.5826301574707,59.4269905090332,29.713018798828124,0.7155969142913818,0.7152913808822632,0.010452895425260067,0.6947543621063232,0.7012543678283691,0.7035719156265259,0.7090705037117004,0.7152913808822632,0.7214447259902954,0.7296004891395569,0.7339619994163513,0.7370390295982361
4640,-0.7159988880157471,63.486446380615234,59.428871154785156,29.261068725585936,0.7159988880157471,0.7156279683113098,0.010433271527290344,0.6947543621063232,0.7014153003692627,0.7040119767189026,0.7099645137786865,0.7156279683113098,0.7214447259902954,0.729799747467041,0.7340349555015564,0.7370390295982361
4680,-0.7163265347480774,63.2921257019043,59.3355827331543,28.75653495788574,0.7163264751434326,0.7160563468933105,0.010388710536062717,0.6956952810287476,0.7014787197113037,0.7040119767189026,0.7103601694107056,0.7160563468933105,0.7234107255935669,0.729799747467041,0.7340349555015564,0.7373231053352356
4720,-0.7166735529899597,63.10810089111328,59.24176025390625,28.29621467590332,0.7166734933853149,0.7161788940429688,0.010327759198844433,0.6956952810287476,0.701568603515625,0.7040119767189026,0.7106876373291016,0.7161788940429688,0.7236957550048828,0.729799747467041,0.7340651154518127,0.7386077046394348
4760,-0.717106819152832,62.98346710205078,59.19537353515625,27.854521179199217,0.7171067595481873,0.7167844772338867,0.010334457270801067,0.6976637244224548,0.701568603515625,0.7048062682151794,0.7107828855514526,0.7167844772338867,0.7238473296165466,0.730735719203949,0.7343358993530273,0.7392427325248718
4800,-0.7176865935325623,62.84859085083008,59.147308349609375,27.391503143310548,0.7176865339279175,0.7176936268806458,0.01047652866691351,0.6976637244224548,0.701568603515625,0.705370306968689,0.711145281791687,0.7176936268806458,0.7244035005569458,0.730735719203949,0.7343358993530273,0.7397422790527344
4840,-0.7181957960128784,62.74019241333008,59.124324798583984,26.95851860046387,0.7181957364082336,0.7180773615837097,0.01056562177836895,0.6976637244224548,0.701568603515625,0.705370306968689,0.7118724584579468,0.7180773615837097,0.7249463796615601,0.7308659553527832,0.7353683114051819,0.7397596836090088
4880,-0.7186800837516785,62.633602142333984,59.10243606567383,26.536666107177734,0.7186800241470337,0.7181984186172485,0.01039845123887062,0.6979853510856628,0.701568603515625,0.705370306968689,0.7124612331390381,0.7181984186172485,0.7255220413208008,0.7308659553527832,0.7353683114051819,0.7397669553756714
4920,-0.7193428874015808,62.5118408203125,59.063453674316406,26.091048431396484,0.7193430066108704,0.7184813022613525,0.010224971920251846,0.6998664736747742,0.701922595500946,0.7058000564575195,0.7139735221862793,0.7184813022613525,0.7255849242210388,0.7308871150016785,0.7353683114051819,0.7402569651603699
4960,-0.7198312282562256,62.31863021850586,58.9505729675293,25.642020416259765,0.7198312878608704,0.7188736200332642,0.010189669206738472,0.6999896764755249,0.703681468963623,0.706628680229187,0.714248538017273,0.7188736200332642,0.7266104221343994,0.7321752905845642,0.7353683114051819,0.7440336346626282
5000,-0.7203144431114197,62.200469970703125,58.903987884521484,25.244029998779297,0.7203145623207092,0.7203325033187866,0.010253594256937504,0.6999896764755249,0.7036926746368408,0.7069764137268066,0.7148144245147705,0.7203325033187866,0.7266104221343994,0.7325322031974792,0.7356648445129395,0.7440336346626282
5040,-0.7210421562194824,62.06954574584961,58.848812103271484,24.80613479614258,0.7210421562194824,0.7214711308479309,0.010070198215544224,0.700273871421814,0.7036926746368408,0.7093701362609863,0.7155691385269165,0.7214711308479309,0.7268812656402588,0.7332752346992493,0.7356648445129395,0.7440614104270935
5080,-0.721348226070404,61.947750091552734,58.806209564208984,24.415188217163085,0.7213482856750488,0.7218436002731323,0.010189162567257881,0.700273871421814,0.7036926746368408,0.7093701362609863,0.7156961560249329,0.7218436002731323,0.7275435924530029,0.7332752346992493,0.7356648445129395,0.7440885305404663
5120,-0.7217381000518799,61.86580276489258,58.801124572753906,23.99092826843262,0.7217382192611694,0.7221387624740601,0.010357952676713467,0.700273871421814,0.7038204669952393,0.7093701362609863,0.7157606482505798,0.7221387624740601,0.7278168797492981,0.733781635761261,0.7385359406471252,0.7440885305404663
5160,-0.7221255898475647,61.74140548706055,58.75349044799805,23.601429748535157,0.7221257090568542,0.7227807641029358,0.010412044823169708,0.700273871421814,0.7047015428543091,0.7097461819648743,0.7159598469734192,0.7227807641029358,0.7278800010681152,0.7344257235527039,0.7407689094543457,0.7445849180221558
5200,-0.7223371863365173,61.607234954833984,58.689178466796875,23.22758255004883,0.7223372459411621,0.7229072451591492,0.010283655487000942,0.700273871421814,0.7047015428543091,0.7097461819648743,0.7160701155662537,0.7229072451591492,0.7278800010681152,0.7344257235527039,0.7407689094543457,0.7445849180221558
5240,-0.7226800918579102,61.55078125,58.6937370300293,22.837793350219727,0.7226802110671997,0.7230253219604492,0.010297691449522972,0.700273871421814,0.7047015428543091,0.710641622543335,0.7160701155662537,0.7230253219604492,0.7279838919639587,0.7344257235527039,0.7407689094543457,0.7445849180221558
5280,-0.7229903936386108,61.433082580566406,58.63270950317383,22.46896324157715,0.7229903936386108,0.7236102819442749,0.01029642578214407,0.700273871421814,0.7066579461097717,0.710641622543335,0.7173408269882202,0.7236102819442749,0.7279838919639587,0.7344257235527039,0.7413942217826843,0.7451412081718445
5320,-0.7233622074127197,61.33411407470703,58.589599609375,22.119947814941405,0.723362147808075,0.723777174949646,0.010269863530993462,0.7014583349227905,0.7067102193832397,0.710641622543335,0.7175068855285645,0.723777174949646,0.7296031713485718,0.7352473735809326,0.7414088249206543,0.7451412081718445
5360,-0.7236277461051941,61.2420654296875,58.568275451660156,21.73104591369629,0.7236278057098389,0.7239484786987305,0.01020621508359909,0.7025884985923767,0.7079659104347229,0.710641622543335,0.7175068855285645,0.7239484786987305,0.7296031713485718,0.73614901304245,0.7414088249206543,0.7451412081718445
5400,-0.7240573167800903,61.1427001953125,58.5305061340332,21.348802185058595,0.7240573167800903,0.7239484786987305,0.010025406256318092,0.7028024792671204,0.7088738679885864,0.7125080823898315,0.719333291053772,0.7239484786987305,0.7297289967536926,0.73614901304245,0.7414088249206543,0.7451412081718445
5440,-0.7243396043777466,61.04927444458008,58.49406051635742,21.010110473632814,0.7243396043777466,0.7240846157073975,0.010038662701845169,0.7029140591621399,0.7088738679885864,0.7131911516189575,0.7193498611450195,0.7240846157073975,0.7304437160491943,0.73614901304245,0.7421764731407166,0.7451412081718445
5480,-0.7245945334434509,60.9523811340332,58.45866775512695,20.686265563964845,0.7245945930480957,0.7240846157073975,0.00987007562071085,0.7030060887336731,0.7088738679885864,0.713214635848999,0.7193586230278015,0.7240846157073975,0.730500340461731,0.7362123727798462,0.7421764731407166,0.7451412081718445
5520,-0.7248989939689636,60.862945556640625,58.421913146972656,20.336067962646485,0.7248989939689636,0.7243797779083252,0.009883170947432518,0.7030060887336731,0.7088738679885864,0.713214635848999,0.7198672294616699,0.7243797779083252,0.7306452989578247,0.7379113435745239,0.7421870827674866,0.7451941967010498
5560,-0.7252499461174011,60.825862884521484,58.44562911987305,20.012973022460937,0.7252499461174011,0.7243797779083252,0.009937199763953686,0.7030060887336731,0.708940863609314,0.7137566208839417,0.7199852466583252,0.7243797779083252,0.7309337854385376,0.7384219765663147,0.7434631586074829,0.745895504951477
5600,-0.7255671620368958,60.7459602355957,58.42018508911133,19.66186866760254,0.7255672216415405,0.7248934507369995,0.009985240176320076,0.7030060887336731,0.708940863609314,0.7137566208839417,0.7199879884719849,0.7248934507369995,0.7309337854385376,0.7384219765663147,0.745077908039093,0.7464289665222168
5640,-0.7258497476577759,60.697505950927734,58.428951263427734,19.314273834228516,0.7258498668670654,0.7249470949172974,0.009983901865780354,0.7030060887336731,0.708940863609314,0.7137566208839417,0.7208038568496704,0.7249470949172974,0.731953501701355,0.738987922668457,0.7450819611549377,0.7464289665222168
5680,-0.7261436581611633,60.58118438720703,58.36393356323242,18.995827865600585,0.7261436581611633,0.7251297235488892,0.009948069229722023,0.7048216462135315,0.708940863609314,0.7137566208839417,0.7208624482154846,0.7251297235488892,0.731953501701355,0.738987922668457,0.7450819611549377,0.7464289665222168
5720,-0.72645103931427,60.51202392578125,58.345741271972656,18.692451858520506,0.72645103931427,0.7256394624710083,0.010007712058722973,0.7050656676292419,0.709114670753479,0.7139434814453125,0.7208624482154846,0.7256394624710083,0.7322418689727783,0.7408440113067627,0.7451244592666626,0.7475719451904297
5760,-0.7266945242881775,60.464088439941406,58.3425178527832,18.375773620605468,0.7266945838928223,0.7264829277992249,0.00994167011231184,0.7050656676292419,0.7116032838821411,0.7140816450119019,0.7208799123764038,0.7264829277992249,0.732418417930603,0.7408440113067627,0.7451244592666626,0.7475719451904297
5800,-0.7269620895385742,60.40749740600586,58.33207321166992,18.076842880249025,0.726962149143219,0.726932942867279,0.00984141044318676,0.7086389660835266,0.7116032838821411,0.7140816450119019,0.7208799123764038,0.726932942867279,0.732418417930603,0.7408527135848999,0.7451615333557129,0.7475719451904297
5840,-0.7272941470146179,60.33101272583008,58.3083610534668,17.75771141052246,0.7272941470146179,0.7276226878166199,0.009830489754676819,0.7086853981018066,0.7116032838821411,0.7142277359962463,0.7208799123764038,0.7276226878166199,0.7332574129104614,0.7408527135848999,0.7451615333557129,0.7476015090942383
5880,-0.7275565266609192,60.26544952392578,58.28631591796875,17.470470809936522,0.7275565266609192,0.7276226878166199,0.009741006419062614,0.7086853981018066,0.7116032838821411,0.7142277359962463,0.7219564914703369,0.7276226878166199,0.7334999442100525,0.7408527135848999,0.7451615333557129,0.7476015090942383
5920,-0.7279313206672668,60.19075393676758,58.25212478637695,17.19100341796875,0.7279314398765564,0.7276226878166199,0.00975668616592884,0.7093734741210938,0.7116032838821411,0.7146036028862,0.7226033210754395,0.7276226878166199,0.7338755130767822,0.7415581941604614,0.7451767325401306,0.7498542070388794
5960,-0.7281916737556458,60.11768341064453,58.22169876098633,16.924190521240234,0.7281918525695801,0.7277671098709106,0.009692002087831497,0.7093825936317444,0.7131820321083069,0.7146739363670349,0.7229583859443665,0.7277671098709106,0.7341476678848267,0.7415581941604614,0.7451767325401306,0.7498542070388794
6000,-0.7284694314002991,60.05989456176758,58.205482482910156,16.635704040527344,0.7284694910049438,0.7278059124946594,0.009727580472826958,0.7093825936317444,0.7131820321083069,0.7161335945129395,0.723554253578186,0.7278059124946594,0.7344260811805725,0.7415581941604614,0.7451767325401306,0.7501416206359863
6040,-0.7286701798439026,59.98409652709961,58.16605758666992,16.37912254333496,0.7286701798439026,0.7278059124946594,0.009706685319542885,0.7093825936317444,0.7131820321083069,0.7167248725891113,0.723554253578186,0.7278059124946594,0.7347942590713501,0.7415581941604614,0.745223343372345,0.7501416206359863
6080,-0.7290100455284119,59.902137756347656,58.124671936035156,16.09891872406006,0.7290101647377014,0.7279682159423828,0.009726263582706451,0.7093825936317444,0.7131820321083069,0.7169197797775269,0.7237457036972046,0.7279682159423828,0.7351773977279663,0.7419108152389526,0.7471278309822083,0.7501416206359863
6120,-0.7292413115501404,59.85151290893555,58.11263656616211,15.847186088562012,0.7292414307594299,0.7280663251876831,0.009670565836131573,0.7093825936317444,0.7131820321083069,0.7173645496368408,0.7240622639656067,0.7280663251876831,0.7351773977279663,0.7419108152389526,0.7471278309822083,0.7501416206359863
6160,-0.7293639779090881,59.78745651245117,58.08972930908203,15.578076171875,0.7293640971183777,0.7282288670539856,0.009654665365815163,0.7093825936317444,0.7131820321083069,0.7173645496368408,0.7240622639656067,0.7282288670539856,0.7351773977279663,0.7427384853363037,0.7471278309822083,0.7501416206359863
6200,-0.7295161485671997,59.71132278442383,58.051544189453125,15.325728225708009,0.7295162081718445,0.7282288670539856,0.00965354684740305,0.7093825936317444,0.7131820321083069,0.7179640531539917,0.7242090702056885,0.7282288670539856,0.7351773977279663,0.7428848743438721,0.7471278309822083,0.7501416206359863
6240,-0.7296761870384216,59.63633346557617,58.0149040222168,15.036150360107422,0.7296763062477112,0.728552520275116,0.009647737257182598,0.7093860507011414,0.7131820321083069,0.7179640531539917,0.7245018482208252,0.728552520275116,0.735204815864563,0.7428848743438721,0.7471278309822083,0.7501416206359863
6280,-0.7299057841300964,59.57766342163086,57.994415283203125,14.78305778503418,0.7299058437347412,0.728552520275116,0.009623432531952858,0.7095865607261658,0.7131820321083069,0.718453586101532,0.7248165607452393,0.728552520275116,0.7363587021827698,0.7428848743438721,0.7471278309822083,0.7501416206359863
6320,-0.7300896048545837,59.54817581176758,58.002418518066406,14.525089454650878,0.730089545249939,0.7287755012512207,0.009576485492289066,0.7103299498558044,0.7140637040138245,0.718453586101532,0.724992573261261,0.7287755012512207,0.7363587021827698,0.742899477481842,0.7471278309822083,0.7501416206359863
6360,-0.7304105758666992,59.47939682006836,57.96710205078125,14.287170219421387,0.730410635471344,0.7292797565460205,0.009639247320592403,0.7103299498558044,0.7145505547523499,0.718990683555603,0.724992573261261,0.7292797565460205,0.7371580600738525,0.7431161403656006,0.7471278309822083,0.7501416206359863
6400,-0.7305453419685364,59.4662971496582,57.98373031616211,14.075448989868164,0.7305453419685364,0.729454755783081,0.009589800611138344,0.7103299498558044,0.7145505547523499,0.7190917730331421,0.724992573261261,0.729454755783081,0.737228512763977,0.7432578206062317,0.7475638389587402,0.7501416206359863
6440,-0.730772078037262,59.43172836303711,57.98340606689453,13.826858520507812,0.730772078037262,0.729454755783081,0.009562226943671703,0.7107627987861633,0.714554488658905,0.7190917730331421,0.7256178855895996,0.729454755783081,0.737228512763977,0.7437566518783569,0.7475638389587402,0.7501416206359863
6480,-0.7309573888778687,59.38782501220703,57.97346878051758,13.566157150268555,0.7309575080871582,0.729454755783081,0.009547949768602848,0.7107649445533752,0.714554488658905,0.7192444205284119,0.7256178855895996,0.729454755783081,0.7375140190124512,0.7438459992408752,0.7476524114608765,0.7501416206359863
6520,-0.731070339679718,59.3529167175293,57.974365234375,13.313591575622558,0.731070339679718,0.729454755783081,0.009484576992690563,0.7107649445533752,0.7146639227867126,0.7192444205284119,0.7256178855895996,0.729454755783081,0.7375140190124512,0.7446823120117188,0.7476524114608765,0.7501416206359863
6560,-0.7313462495803833,59.254188537597656,57.9067268371582,13.082200622558593,0.7313464283943176,0.7295806407928467,0.009481396526098251,0.7107649445533752,0.7159392833709717,0.7192444205284119,0.7256293892860413,0.7295806407928467,0.7377814054489136,0.7447908520698547,0.7476524114608765,0.7516797780990601
6600,-0.731563150882721,59.17487716674805,57.85712814331055,12.853357124328614,0.7315632700920105,0.7298036813735962,0.009391332976520061,0.7107649445533752,0.7166886329650879,0.7197442054748535,0.7266684770584106,0.7298036813735962,0.7377814054489136,0.7447908520698547,0.7476524114608765,0.7516797780990601
6640,-0.7317216992378235,59.1254768371582,57.839752197265625,12.610522651672364,0.731721818447113,0.7300138473510742,0.009363789111375809,0.7124550938606262,0.7166886329650879,0.7197442054748535,0.7273378968238831,0.7300138473510742,0.7377814054489136,0.7447908520698547,0.7484757304191589,0.7518355250358582
6680,-0.7319059371948242,59.088348388671875,57.8317756652832,12.367805099487304,0.7319058775901794,0.7317497730255127,0.009337536059319973,0.7124550938606262,0.7173985838890076,0.7197442054748535,0.7275676727294922,0.7317497730255127,0.7380644083023071,0.7447908520698547,0.7484757304191589,0.7518355250358582
6720,-0.7319939136505127,59.0639762878418,57.829925537109375,12.186959266662598,0.7319938540458679,0.7317811846733093,0.009311707690358162,0.7124550938606262,0.7173985838890076,0.7201379537582397,0.7275676727294922,0.7317811846733093,0.7380644083023071,0.7447908520698547,0.7484757304191589,0.7518355250358582
6760,-0.7321679592132568,59.0475959777832,57.8394889831543,11.966399574279786,0.7321678400039673,0.7317811846733093,0.009301560930907726,0.7124550938606262,0.7173985838890076,0.7201379537582397,0.7276256084442139,0.7317811846733093,0.7383394241333008,0.7447908520698547,0.7484757304191589,0.7518355250358582
6800,-0.7323766350746155,58.98446273803711,57.80198287963867,11.758479881286622,0.7323765754699707,0.7323205471038818,0.009180242195725441,0.7141936421394348,0.7179332375526428,0.7201379537582397,0.7278198003768921,0.7323205471038818,0.7383394241333008,0.7447908520698547,0.7490594387054443,0.7518355250358582
6840,-0.7325718402862549,58.95551681518555,57.80420684814453,11.535207748413086,0.7325718402862549,0.7325094938278198,0.0092477360740304,0.7141936421394348,0.7179332375526428,0.7201379537582397,0.7278198003768921,0.7325094938278198,0.7385016679763794,0.7447908520698547,0.749370813369751,0.7518417835235596
6880,-0.7327824234962463,58.90399932861328,57.77651596069336,11.340969848632813,0.7327824234962463,0.7325094938278198,0.009189238771796227,0.7141936421394348,0.718105137348175,0.7201379537582397,0.7279026508331299,0.7325094938278198,0.738523006439209,0.7447908520698547,0.7494173645973206,0.7518417835235596
6920,-0.7330104112625122,58.86220169067383,57.76009750366211,11.161957168579102,0.7330103516578674,0.7327308058738708,0.00914106983691454,0.7147010564804077,0.718105137348175,0.7201861143112183,0.7282875180244446,0.7327308058738708,0.7387211322784424,0.7447908520698547,0.7494593858718872,0.7518417835235596
6960,-0.7332020401954651,58.808746337890625,57.7335090637207,10.937418937683105,0.7332019805908203,0.7328049540519714,0.009182678535580635,0.7147010564804077,0.7182004451751709,0.7201861143112183,0.7285387516021729,0.7328049540519714,0.7387211322784424,0.7447908520698547,0.7494593858718872,0.7518715262413025
7000,-0.7334107756614685,58.77667999267578,57.72669219970703,10.72591609954834,0.7334107160568237,0.7328049540519714,0.009148739278316498,0.7147010564804077,0.7184163331985474,0.7221589684486389,0.7287333011627197,0.7328049540519714,0.7387732267379761,0.7452419996261597,0.7494593858718872,0.7526705265045166
7040,-0.7335131168365479,58.74715805053711,57.719703674316406,10.538259887695313,0.7335130572319031,0.7328049540519714,0.009119577705860138,0.7147035598754883,0.7184163331985474,0.7222208380699158,0.7287333011627197,0.7328049540519714,0.7389886975288391,0.7452419996261597,0.7494593858718872,0.7526705265045166
7080,-0.7336584329605103,58.7061882019043,57.70282745361328,10.351930236816406,0.7336584329605103,0.7328049540519714,0.009102976880967617,0.7165406942367554,0.7184303402900696,0.7224563956260681,0.7290624976158142,0.7328049540519714,0.7389886975288391,0.7452419996261597,0.7503566145896912,0.7530343532562256
7120,-0.7338104248046875,58.6399040222168,57.65999984741211,10.149275970458984,0.7338103652000427,0.7328049540519714,0.009131734259426594,0.7165406942367554,0.7189247012138367,0.7224563956260681,0.7290624976158142,0.7328049540519714,0.739531397819519,0.7455139756202698,0.750779390335083,0.7530343532562256
7160,-0.733945906162262,58.64624786376953,57.68854904174805,9.974109840393066,0.7339460253715515,0.7331321835517883,0.009108009748160839,0.7165406942367554,0.7189794778823853,0.7224563956260681,0.7292879223823547,0.7331321835517883,0.739531397819519,0.7455139756202698,0.750779390335083,0.7530343532562256
7200,-0.7340383529663086,58.597408294677734,57.660743713378906,9.777344703674316,0.7340384125709534,0.733184278011322,0.00902129989117384,0.7165406942367554,0.7189794778823853,0.7225036025047302,0.7292879223823547,0.733184278011322,0.739531397819519,0.7455139756202698,0.7507911324501038,0.7530343532562256
7240,-0.7341211438179016,58.60567092895508,57.69050216674805,9.607470512390137,0.7341211438179016,0.733184278011322,0.008993091993033886,0.7165406942367554,0.7192591428756714,0.7225036025047302,0.7292879223823547,0.733184278011322,0.739531397819519,0.7458789348602295,0.7507911324501038,0.7530343532562256
7280,-0.7343143820762634,58.58577346801758,57.68922805786133,9.437967681884766,0.7343143224716187,0.7335121631622314,0.009034303948283195,0.7165406942367554,0.7192591428756714,0.7225148677825928,0.7292879223823547,0.7335121631622314,0.739531397819519,0.7458789348602295,0.751118004322052,0.7530621290206909
7320,-0.7344626188278198,58.54677200317383,57.67095947265625,9.25722541809082,0.7344627380371094,0.7336506843566895,0.009042557328939438,0.7165406942367554,0.7192591428756714,0.7225736975669861,0.7295877933502197,0.7336506843566895,0.739822268486023,0.7458789348602295,0.751118004322052,0.7531529068946838
7360,-0.7346237897872925,58.56606674194336,57.70801544189453,9.09990234375,0.7346237897872925,0.7338727116584778,0.00900823064148426,0.7165406942367554,0.7197355628013611,0.7225926518440247,0.7296974062919617,0.7338727116584778,0.740058183670044,0.7458789348602295,0.751118004322052,0.7531529068946838
7400,-0.7348517179489136,58.54274368286133,57.703094482421875,8.940840721130371,0.7348517775535583,0.7340431809425354,0.008905145339667797,0.7165406942367554,0.7197355628013611,0.7230699062347412,0.7297655344009399,0.7340431809425354,0.7403895258903503,0.7458789348602295,0.751118004322052,0.7533791065216064
7440,-0.7350130081176758,58.55210494995117,57.7307014465332,8.782944297790527,0.7350130677223206,0.7340439558029175,0.008899131789803505,0.7165406942367554,0.7197355628013611,0.7230827808380127,0.7298622727394104,0.7340439558029175,0.7403895258903503,0.7458789348602295,0.751118004322052,0.7533791065216064
7480,-0.7350846529006958,58.5268440246582,57.72346115112305,8.598657608032227,0.7350847721099854,0.7340439558029175,0.008914133533835411,0.7165420055389404,0.7197355628013611,0.7232986092567444,0.7299366593360901,0.7340439558029175,0.7409300208091736,0.7458789348602295,0.7517044544219971,0.7533791065216064
7520,-0.7352612614631653,58.4836311340332,57.703651428222656,8.42397232055664,0.7352613210678101,0.7341156601905823,0.008844014257192612,0.7165513634681702,0.7201177477836609,0.7232986092567444,0.7302951812744141,0.7341156601905823,0.7412899136543274,0.7458789348602295,0.7517044544219971,0.7533791065216064
7560,-0.7354105710983276,58.46303176879883,57.70134353637695,8.263488960266113,0.7354106307029724,0.7345257997512817,0.008808004669845104,0.7165513634681702,0.7206570506095886,0.7249687314033508,0.7305060029029846,0.7345257997512817,0.7412899136543274,0.7458789348602295,0.7517044544219971,0.7533791065216064
7600,-0.7355050444602966,58.43760299682617,57.69403076171875,8.112762069702148,0.7355049252510071,0.7351140975952148,0.008823499083518982,0.7165513634681702,0.7206570506095886,0.7249687314033508,0.7305060029029846,0.7351140975952148,0.7416623830795288,0.7458789348602295,0.7517044544219971,0.7533791065216064
7640,-0.7356578707695007,58.44073486328125,57.71220779418945,7.953901576995849,0.735657811164856,0.7353476285934448,0.00883380975574255,0.717179536819458,0.7208670377731323,0.7250412106513977,0.7305060029029846,0.7353476285934448,0.7416884303092957,0.7462254166603088,0.7518109679222107,0.7533804178237915
7680,-0.7357646226882935,58.405120849609375,57.69561767578125,7.79141206741333,0.7357646226882935,0.7354660034179688,0.008855490013957024,0.717179536819458,0.7208670377731323,0.7250412106513977,0.7305948138237,0.7354660034179688,0.7416884303092957,0.7462254166603088,0.7518692016601562,0.7533804178237915
7720,-0.735866367816925,58.42500686645508,57.72922897338867,7.657667064666748,0.7358663082122803,0.7355046272277832,0.008797647431492805,0.7171900868415833,0.7208670377731323,0.7250412106513977,0.7306891083717346,0.7355046272277832,0.7416884303092957,0.7462254166603088,0.7518692016601562,0.7533804178237915
7760,-0.7359986901283264,58.40430450439453,57.726478576660156,7.505510234832764,0.7359986305236816,0.7355046272277832,0.008733277209103107,0.7178618311882019,0.7208670377731323,0.7250567078590393,0.7310362458229065,0.7355046272277832,0.7418065071105957,0.7465066313743591,0.7518692016601562,0.7533804178237915
7800,-0.7360352873802185,58.40163040161133,57.7386589050293,7.343885803222657,0.7360352277755737,0.7355046272277832,0.008756894618272781,0.7178618311882019,0.7208670377731323,0.7250567078590393,0.7310362458229065,0.7355046272277832,0.7418065071105957,0.7465066313743591,0.7522838711738586,0.7533804178237915
7840,-0.7362222075462341,58.40522003173828,57.756568908691406,7.2019377708435055,0.7362222075462341,0.7355046272277832,0.008752741850912571,0.7178618311882019,0.7208670377731323,0.7250906229019165,0.7310851812362671,0.7355046272277832,0.7419700622558594,0.7467250227928162,0.7522838711738586,0.7542101144790649
7880,-0.7363880276679993,58.386016845703125,57.75381088256836,7.067638492584228,0.7363880276679993,0.7361661195755005,0.008691075257956982,0.7178746461868286,0.7208670377731323,0.7250906229019165,0.7310851812362671,0.7361661195755005,0.7419700622558594,0.7467250227928162,0.7522838711738586,0.7542101144790649
7920,-0.7365058660507202,58.365108489990234,57.748046875,6.90926685333252,0.7365058660507202,0.7361661195755005,0.008674387820065022,0.7178746461868286,0.7208738327026367,0.7251164317131042,0.7315456867218018,0.7361661195755005,0.7421152591705322,0.7467944025993347,0.7523316144943237,0.7542101144790649
7960,-0.7366082668304443,58.334938049316406,57.733489990234375,6.735584259033203,0.7366083264350891,0.736369252204895,0.008699662983417511,0.7178746461868286,0.7208738327026367,0.7252194881439209,0.7315456867218018,0.736369252204895,0.7425634860992432,0.7467944025993347,0.7526745200157166,0.7542101144790649
8000,-0.7367072701454163,58.34423828125,57.75482177734375,6.622077178955078,0.7367073893547058,0.736369252204895,0.008698896504938602,0.7178746461868286,0.7208738327026367,0.7252194881439209,0.7317010164260864,0.736369252204895,0.7426021099090576,0.7467944025993347,0.7526745200157166,0.7542101144790649
8040,-0.7367949485778809,58.342445373535156,57.76738357543945,6.481902599334717,0.7367950677871704,0.736369252204895,0.008673688396811485,0.7178746461868286,0.72163325548172,0.7253000736236572,0.7317010164260864,0.736369252204895,0.7427218556404114,0.7467944025993347,0.7526745200157166,0.7547591328620911
8080,-0.7368674874305725,58.3771858215332,57.81515121459961,6.323755168914795,0.7368676066398621,0.736369252204895,0.008708265610039234,0.7178746461868286,0.7216964364051819,0.7253000736236572,0.7317010164260864,0.736369252204895,0.7427218556404114,0.7467944025993347,0.7526745200157166,0.7547591328620911
8120,-0.7369874119758606,58.3830451965332,57.83443832397461,6.189503479003906,0.7369875311851501,0.7365202307701111,0.008697401732206345,0.7187005877494812,0.7222071886062622,0.7253000736236572,0.7317010164260864,0.7365202307701111,0.7432366609573364,0.7467944025993347,0.7526745200157166,0.7547591328620911
8160,-0.7371224164962769,58.38228225708008,57.84685134887695,6.071532821655273,0.7371224761009216,0.7365202307701111,0.008735612034797668,0.718706488609314,0.7222071886062622,0.7262161374092102,0.7317010164260864,0.7365202307701111,0.7434640526771545,0.7467944025993347,0.7526745200157166,0.7547591328620911
8200,-0.7372745871543884,58.37567138671875,57.854957580566406,5.915525341033936,0.7372746467590332,0.736843466758728,0.008780176751315594,0.7187174558639526,0.7222071886062622,0.7262200713157654,0.7318652868270874,0.736843466758728,0.7439126968383789,0.7476612329483032,0.7526745200157166,0.7547591328620911
8240,-0.7373661398887634,58.38775634765625,57.8781852722168,5.779763698577881,0.7373661994934082,0.7368826866149902,0.008789054118096828,0.718869686126709,0.7222071886062622,0.7262200713157654,0.7321946024894714,0.7368826866149902,0.7439126968383789,0.7478863000869751,0.7526745200157166,0.7547591328620911
8280,-0.7375370860099792,58.40776443481445,57.90958786010742,5.664586162567138,0.737537145614624,0.7368826866149902,0.00863493699580431,0.7208948731422424,0.7222350239753723,0.7262436151504517,0.7321962118148804,0.7368826866149902,0.7442653775215149,0.7478863000869751,0.7526745200157166,0.7547591328620911
8320,-0.7376641631126404,58.43088912963867,57.943721771240234,5.539234924316406,0.7376642823219299,0.7376906275749207,0.008619554340839386,0.7208948731422424,0.7224742770195007,0.726256787776947,0.7321962118148804,0.7376906275749207,0.7442653775215149,0.7478888034820557,0.7526745200157166,0.7547591328620911
8360,-0.7378548979759216,58.43084716796875,57.95515060424805,5.423634624481201,0.7378550171852112,0.7378469109535217,0.008619122207164764,0.7208948731422424,0.7227806448936462,0.7262846827507019,0.7321962118148804,0.7378469109535217,0.7444194555282593,0.747962236404419,0.7526745200157166,0.7548026442527771
8400,-0.7379681468009949,58.460052490234375,57.99589920043945,5.3074061393737795,0.7379682064056396,0.7378469109535217,0.008563492447137833,0.7208948731422424,0.7227806448936462,0.7267054319381714,0.7323617935180664,0.7378469109535217,0.7444194555282593,0.747962236404419,0.7526745200157166,0.7548026442527771
8440,-0.7380504608154297,58.50187301635742,58.0483512878418,5.212539386749268,0.7380505204200745,0.7379446029663086,0.008572617545723915,0.7208948731422424,0.7227806448936462,0.7267054319381714,0.7325231432914734,0.7379446029663086,0.7445694804191589,0.7487111687660217,0.7528910040855408,0.7548026442527771
8480,-0.7382241487503052,58.526607513427734,58.08320236206055,5.114983367919922,0.73822420835495,0.7386033535003662,0.008650681935250759,0.7209031581878662,0.7227806448936462,0.7267054319381714,0.732541561126709,0.7386033535003662,0.7445886135101318,0.7487111687660217,0.7528910040855408,0.7548026442527771
8520,-0.7383564114570618,58.5218620300293,58.089141845703125,5.0077056884765625,0.7383564114570618,0.7386033535003662,0.008647250942885876,0.7211981415748596,0.7227806448936462,0.727790892124176,0.732541561126709,0.7386033535003662,0.7446198463439941,0.7487111687660217,0.7529014348983765,0.7548026442527771
8560,-0.7384718060493469,58.58148956298828,58.15966796875,4.884368801116944,0.7384719252586365,0.7386668920516968,0.0086811613291502,0.7211981415748596,0.7227806448936462,0.727790892124176,0.7326972484588623,0.7386668920516968,0.7446745038032532,0.7487111687660217,0.7529014348983765,0.7548026442527771
8600,-0.7386227250099182,58.616146087646484,58.20573043823242,4.772487449645996,0.7386229038238525,0.7389962673187256,0.008644834160804749,0.7212037444114685,0.7227806448936462,0.7290912866592407,0.7326972484588623,0.7389962673187256,0.7447690963745117,0.7489118576049805,0.7529014348983765,0.7548026442527771
8640,-0.7387420535087585,58.6168098449707,58.2163200378418,4.671491718292236,0.7387420535087585,0.7390367984771729,0.00860939733684063,0.7217965722084045,0.7227806448936462,0.7290912866592407,0.7326972484588623,0.7390367984771729,0.7449073195457458,0.7489137649536133,0.7529014348983765,0.7548026442527771
8680,-0.7388873100280762,58.63520050048828,58.243831634521484,4.562900257110596,0.7388874292373657,0.7390367984771729,0.00863989070057869,0.7217965722084045,0.7227806448936462,0.7290912866592407,0.7330940961837769,0.7390367984771729,0.7452316284179688,0.748970627784729,0.7529014348983765,0.7548026442527771
8720,-0.7389857172966003,58.64020538330078,58.25864791870117,4.468079376220703,0.7389857769012451,0.7393213510513306,0.008624287322163582,0.7217965722084045,0.7230396866798401,0.7291063070297241,0.7330940961837769,0.7393213510513306,0.7452316284179688,0.748970627784729,0.7529014348983765,0.7548026442527771
8760,-0.7390726208686829,58.6535530090332,58.28249740600586,4.362276172637939,0.7390726208686829,0.7394093871116638,0.008623738773167133,0.7217965722084045,0.7230396866798401,0.7291063070297241,0.7333360314369202,0.7394093871116638,0.7452856302261353,0.748970627784729,0.7529014348983765,0.7548026442527771
8800,-0.7391142249107361,58.68316650390625,58.3199348449707,4.275534915924072,0.7391142249107361,0.7394137382507324,0.008646165952086449,0.7217965722084045,0.7230396866798401,0.7291063070297241,0.7333360314369202,0.7394137382507324,0.7452856302261353,0.748970627784729,0.7529014348983765,0.7548026442527771
8840,-0.7392376065254211,58.72296142578125,58.37076950073242,4.15758056640625,0.7392376065254211,0.7394137382507324,0.008734488859772682,0.7217965722084045,0.7230396866798401,0.7291063070297241,0.7333360314369202,0.7394137382507324,0.7452856302261353,0.750028669834137,0.7529014348983765,0.75491863489151
8880,-0.7393347024917603,58.74088668823242,58.397705078125,4.068542957305908,0.7393346428871155,0.7394137382507324,0.008750393986701965,0.72257000207901,0.7231268882751465,0.7292712926864624,0.7333360314369202,0.7394137382507324,0.7452856302261353,0.750028669834137,0.7533998489379883,0.7549396753311157
8920,-0.7394947409629822,58.75233840942383,58.41582107543945,3.9755988121032715,0.739494800567627,0.7398048639297485,0.008816474117338657,0.7226288318634033,0.7231268882751465,0.7293291687965393,0.7333364486694336,0.7398048639297485,0.7464796304702759,0.750028669834137,0.7533998489379883,0.7549864053726196
8960,-0.739644467830658,58.751861572265625,58.4229736328125,3.876866674423218,0.7396445274353027,0.7398048639297485,0.008804869838058949,0.7226288318634033,0.7247228622436523,0.7293291687965393,0.7335411310195923,0.7398048639297485,0.7464796304702759,0.750028669834137,0.7534434199333191,0.7560825943946838
9000,-0.7398260235786438,58.80450439453125,58.48617172241211,3.778954362869263,0.739825963973999,0.7398048639297485,0.008772511966526508,0.722663938999176,0.7250006794929504,0.7293291687965393,0.7337210774421692,0.7398048639297485,0.7464796304702759,0.7503040432929993,0.7534523010253906,0.756083607673645
9040,-0.7398472428321838,58.85286331176758,58.54082107543945,3.7117149353027346,0.7398472428321838,0.7398048639297485,0.008770196698606014,0.7229321599006653,0.7250006794929504,0.7293291687965393,0.7337210774421692,0.7398048639297485,0.7464796304702759,0.7503040432929993,0.7537316083908081,0.756083607673645
9080,-0.7399789094924927,58.867889404296875,58.5644645690918,3.6242103099823,0.7399790287017822,0.739882230758667,0.008773013949394226,0.7229365110397339,0.7253588438034058,0.7293291687965393,0.7338259220123291,0.739882230758667,0.74652099609375,0.7503040432929993,0.7537657618522644,0.756083607673645
9120,-0.7400414943695068,58.9270133972168,58.630897521972656,3.541113328933716,0.7400414347648621,0.739882230758667,0.008768959902226925,0.7229365110397339,0.7253588438034058,0.7293291687965393,0.7338259220123291,0.739882230758667,0.74652099609375,0.7504740953445435,0.7537657618522644,0.756083607673645
9160,-0.7402297854423523,58.9468994140625,58.65959548950195,3.450455904006958,0.7402297854423523,0.739882230758667,0.008733320981264114,0.7229365110397339,0.7253588438034058,0.7293291687965393,0.7343025803565979,0.739882230758667,0.74652099609375,0.7504740953445435,0.7544646263122559,0.756083607673645
9200,-0.7402888536453247,58.96879959106445,58.6913948059082,3.3446053981781008,0.7402888536453247,0.739882230758667,0.008722151629626751,0.7229634523391724,0.7253641486167908,0.7293291687965393,0.7343025803565979,0.739882230758667,0.7466919422149658,0.7504740953445435,0.7544646263122559,0.756083607673645
9240,-0.7403638958930969,58.98501205444336,58.714839935302734,3.272432327270508,0.7403638958930969,0.7400562763214111,0.00867341086268425,0.7234130501747131,0.7253641486167908,0.7293291687965393,0.7344337701797485,0.7400562763214111,0.7466919422149658,0.7504740953445435,0.7544646263122559,0.756083607673645
9280,-0.7404304146766663,59.00881576538086,58.74601364135742,3.1998826026916505,0.7404303550720215,0.7401902675628662,0.008727414533495903,0.7234130501747131,0.7253641486167908,0.7293291687965393,0.7344337701797485,0.7401902675628662,0.746857225894928,0.7504740953445435,0.7544646263122559,0.756097674369812
9320,-0.7405117750167847,59.03253173828125,58.77810287475586,3.1334558010101317,0.7405118346214294,0.7405276298522949,0.008704393170773983,0.7234130501747131,0.7253641486167908,0.7293291687965393,0.7344979047775269,0.7405276298522949,0.746857225894928,0.7504740953445435,0.7544646263122559,0.756097674369812
9360,-0.7406020760536194,59.0612907409668,58.812957763671875,3.050066423416138,0.7406019568443298,0.7405992746353149,0.008724077604711056,0.7234152555465698,0.7253749370574951,0.7293291687965393,0.7344979047775269,0.7405992746353149,0.7468748688697815,0.7504740953445435,0.7544646263122559,0.7566578388214111
9400,-0.7407118082046509,59.08710861206055,58.846046447753906,2.9464223861694334,0.7407119274139404,0.7405992746353149,0.008703125640749931,0.723796010017395,0.7258777022361755,0.729492723941803,0.7345812916755676,0.7405992746353149,0.7468748688697815,0.7506716251373291,0.7544646263122559,0.7566842436790466
9440,-0.7407786250114441,59.106624603271484,58.87114334106445,2.8769058704376222,0.7407785654067993,0.7405992746353149,0.0086861252784729,0.723796010017395,0.7259066700935364,0.729492723941803,0.7347344160079956,0.7405992746353149,0.7468748688697815,0.7506716251373291,0.7544646263122559,0.7566916942596436
9480,-0.7408676147460938,59.15983200073242,58.930946350097656,2.800087881088257,0.7408676147460938,0.7406695485115051,0.008684528060257435,0.723796010017395,0.7259066700935364,0.7304611206054688,0.7347344160079956,0.7406695485115051,0.7468748688697815,0.7508891820907593,0.7544646263122559,0.7566916942596436
9520,-0.7409752011299133,59.212379455566406,58.98952865600586,2.7212064266204834,0.7409752011299133,0.7406695485115051,0.008769315667450428,0.7237966656684875,0.7259066700935364,0.7304611206054688,0.7347344160079956,0.7406695485115051,0.7470558285713196,0.7521066665649414,0.7544646263122559,0.7566916942596436
9560,-0.7410417199134827,59.23297119140625,59.0172004699707,2.6685028076171875,0.7410417199134827,0.7406695485115051,0.008788171224296093,0.7237966656684875,0.7259066700935364,0.7307248711585999,0.7347344160079956,0.7406695485115051,0.747199535369873,0.7521066665649414,0.7548071146011353,0.7566916942596436
9600,-0.7411437630653381,59.25062942504883,59.04049301147461,2.5991752624511717,0.7411438822746277,0.7406695485115051,0.008780086413025856,0.7237966656684875,0.7259191870689392,0.730765700340271,0.7347344160079956,0.7406695485115051,0.7472600936889648,0.7521066665649414,0.7548071146011353,0.7566916942596436
9640,-0.7411913871765137,59.306758880615234,59.101112365722656,2.5580081939697266,0.7411915063858032,0.7406695485115051,0.008729430846869946,0.7237966656684875,0.72690749168396,0.730765700340271,0.7347344160079956,0.7406695485115051,0.7472600936889648,0.7521066665649414,0.7548071146011353,0.7566916942596436
9680,-0.7412595748901367,59.378353118896484,59.178871154785156,2.500458574295044,0.7412596940994263,0.7406695485115051,0.008704992942512035,0.7242878079414368,0.7269306778907776,0.730765700340271,0.7347344160079956,0.7406695485115051,0.7472600936889648,0.7521066665649414,0.7548071146011353,0.7567024230957031
9720,-0.741340160369873,59.417335510253906,59.22211456298828,2.4435589790344237,0.7413402795791626,0.7407867908477783,0.008662632666528225,0.7242878079414368,0.7284051179885864,0.7308858036994934,0.7348634004592896,0.7407867908477783,0.7472600936889648,0.7521066665649414,0.7548071146011353,0.7567024230957031
9760,-0.7414133548736572,59.4409065246582,59.253028869628906,2.3759806156158447,0.7414133548736572,0.7407867908477783,0.008669404312968254,0.7242878079414368,0.7284051179885864,0.7308858036994934,0.7351171970367432,0.7407867908477783,0.7474507093429565,0.7521066665649414,0.7548071146011353,0.7567024230957031
9800,-0.7414646744728088,59.46630859375,59.2834358215332,2.315060043334961,0.7414646148681641,0.7410464882850647,0.008641675114631653,0.7245534062385559,0.7284051179885864,0.7308858036994934,0.7351171970367432,0.7410464882850647,0.7474507093429565,0.7521066665649414,0.7548071146011353,0.7567024230957031
9840,-0.7415744662284851,59.51447677612305,59.3361930847168,2.2556947231292725,0.7415744662284851,0.7416818141937256,0.008604791946709156,0.7245556712150574,0.7285490036010742,0.7308858036994934,0.735193133354187,0.7416818141937256,0.7476301789283752,0.7521066665649414,0.7548071146011353,0.7567024230957031
9880,-0.7415927052497864,59.55609130859375,59.382659912109375,2.201065731048584,0.7415926456451416,0.7416818141937256,0.00860101543366909,0.7245556712150574,0.7285490036010742,0.7308858036994934,0.7353076338768005,0.7416818141937256,0.7476807832717896,0.7521066665649414,0.7548071146011353,0.7567024230957031
9920,-0.7416362762451172,59.60444259643555,59.43513107299805,2.1535171985626222,0.7416362762451172,0.7416818141937256,0.008603377267718315,0.7245556712150574,0.7285490036010742,0.7308858036994934,0.7354652285575867,0.7416818141937256,0.7478500604629517,0.7521066665649414,0.7548071146011353,0.7567024230957031
9960,-0.7417210340499878,59.63338851928711,59.47005844116211,2.102177953720093,0.7417210340499878,0.7422486543655396,0.008586511947214603,0.7247790694236755,0.7285490036010742,0.7308858036994934,0.7354973554611206,0.7422486543655396,0.7478500604629517,0.7521066665649414,0.7548071146011353,0.7567024230957031
10000,-0.7417516708374023,59.65956497192383,59.49990463256836,2.0478960514068603,0.7417517304420471,0.7422486543655396,0.008563107810914516,0.7247790694236755,0.7285490036010742,0.7308858036994934,0.7356765270233154,0.7422486543655396,0.7478500604629517,0.7521066665649414,0.7548071146011353,0.7567024230957031
