instance,restart,runtime,score,filename
0,0,50000,0.7566408003258402,results_nevergrad_DiscreteLenglerHalfOnePlusOne_NK3_512_8_10_budget_50000_2026-10-02_10-16-36_0.txt
0,1,50000,0.7437862044826034,results_nevergrad_DiscreteLenglerHalfOnePlusOne_NK3_512_8_10_budget_50000_2026-10-02_10-16-36_1.txt
0,2,50000,0.7516373962685066,results_nevergrad_DiscreteLenglerHalfOnePlusOne_NK3_512_8_10_budget_50000_2026-10-02_10-16-36_2.txt
0,3,50000,0.7447519059205661,results_nevergrad_DiscreteLenglerHalfOnePlusOne_NK3_512_8_10_budget_50000_2026-10-02_10-16-36_3.txt
0,4,50000,0.74271197374037,results_nevergrad_DiscreteLenglerHalfOnePlusOne_NK3_512_8_10_budget_50000_2026-10-02_10-16-36_4.txt
0,5,50000,0.7348603601203649,results_nevergrad_DiscreteLenglerHalfOnePlusOne_NK3_512_8_10_budget_50000_2026-10-02_10-16-37_5.txt
0,6,50000,0.7415006752635236,results_nevergrad_DiscreteLenglerHalfOnePlusOne_NK3_512_8_10_budget_50000_2026-10-02_10-16-36_6.txt
0,7,50000,0.7358702848141547,results_nevergrad_DiscreteLenglerHalfOnePlusOne_NK3_512_8_10_budget_50000_2026-10-02_10-16-36_7.txt
0,8,50000,0.7353022172865167,results_nevergrad_DiscreteLenglerHalfOnePlusOne_NK3_512_8_10_budget_50000_2026-10-02_10-16-36_8.txt
0,9,50000,0.7308748081704834,results_nevergrad_DiscreteLenglerHalfOnePlusOne_NK3_512_8_10_budget_50000_2026-10-02_10-16-36_9.txt
1,0,50000,0.7399438741631457,results_nevergrad_DiscreteLenglerHalfOnePlusOne_NK3_512_8_10_budget_50000_2026-10-02_10-16-36_0.txt
1,1,50000,0.7519428800897003,results_nevergrad_DiscreteLenglerHalfOnePlusOne_NK3_512_8_10_budget_50000_2026-10-02_10-16-36_1.txt
1,2,50000,0.763117684997269,results_nevergrad_DiscreteLenglerHalfOnePlusOne_NK3_512_8_10_budget_50000_2026-10-02_10-16-36_2.txt
1,3,50000,0.7445418701872768,results_nevergrad_DiscreteLenglerHalfOnePlusOne_NK3_512_8_10_budget_50000_2026-10-02_10-16-36_3.txt
1,4,50000,0.7534575354584376,results_nevergrad_DiscreteLenglerHalfOnePlusOne_NK3_512_8_10_budget_50000_2026-10-02_10-16-36_4.txt
1,5,50000,0.7408128332081105,results_nevergrad_DiscreteLenglerHalfOnePlusOne_NK3_512_8_10_budget_50000_2026-10-02_10-16-37_5.txt
1,6,50000,0.7399904170097216,results_nevergrad_DiscreteLenglerHalfOnePlusOne_NK3_512_8_10_budget_50000_2026-10-02_10-16-36_6.txt
1,7,50000,0.7495826886006398,results_nevergrad_DiscreteLenglerHalfOnePlusOne_NK3_512_8_10_budget_50000_2026-10-02_10-16-36_7.txt
1,8,50000,0.7485062952382577,results_nevergrad_DiscreteLenglerHalfOnePlusOne_NK3_512_8_10_budget_50000_2026-10-02_10-16-36_8.txt
1,9,50000,0.7550744154050335,results_nevergrad_DiscreteLenglerHalfOnePlusOne_NK3_512_8_10_budget_50000_2026-10-02_10-16-36_9.txt
2,0,50000,0.7397936919587664,results_nevergrad_DiscreteLenglerHalfOnePlusOne_NK3_512_8_10_budget_50000_2026-10-02_10-16-36_0.txt
2,1,50000,0.7419122466271801,results_nevergrad_DiscreteLenglerHalfOnePlusOne_NK3_512_8_10_budget_50000_2026-10-02_10-16-36_1.txt
2,2,50000,0.744301628699759,results_nevergrad_DiscreteLenglerHalfOnePlusOne_NK3_512_8_10_budget_50000_2026-10-02_10-16-36_2.txt
2,3,50000,0.7367854977346724,results_nevergrad_DiscreteLenglerHalfOnePlusOne_NK3_512_8_10_budget_50000_2026-10-02_10-16-36_3.txt
2,4,50000,0.7331032965003033,results_nevergrad_DiscreteLenglerHalfOnePlusOne_NK3_512_8_10_budget_50000_2026-10-02_10-16-36_4.txt
2,5,50000,0.7359729813269951,results_nevergrad_DiscreteLenglerHalfOnePlusOne_NK3_512_8_10_budget_50000_2026-10-02_10-16-37_5.txt
2,6,50000,0.7496272484786459,results_nevergrad_DiscreteLenglerHalfOnePlusOne_NK3_512_8_10_budget_50000_2026-10-02_10-16-36_6.txt
2,7,50000,0.7455030408154926,results_nevergrad_DiscreteLenglerHalfOnePlusOne_NK3_512_8_10_budget_50000_2026-10-02_10-16-36_7.txt
2,8,50000,0.7513544905677918,results_nevergrad_DiscreteLenglerHalfOnePlusOne_NK3_512_8_10_budget_50000_2026-10-02_10-16-36_8.txt
2,9,50000,0.7456070681873825,results_nevergrad_DiscreteLenglerHalfOnePlusOne_NK3_512_8_10_budget_50000_2026-10-02_10-16-36_9.txt
3,0,50000,0.7491720965372224,results_nevergrad_DiscreteLenglerHalfOnePlusOne_NK3_512_8_10_budget_50000_2026-10-02_10-16-36_0.txt
3,1,50000,0.7374459217353433,results_nevergrad_DiscreteLenglerHalfOnePlusOne_NK3_512_8_10_budget_50000_2026-10-02_10-16-36_1.txt
3,2,50000,0.7549117623130996,results_nevergrad_DiscreteLenglerHalfOnePlusOne_NK3_512_8_10_budget_50000_2026-10-02_10-16-36_2.txt
3,3,50000,0.7278857017008704,results_nevergrad_DiscreteLenglerHalfOnePlusOne_NK3_512_8_10_budget_50000_2026-10-02_10-16-36_3.txt
3,4,50000,0.7493329988938058,results_nevergrad_DiscreteLenglerHalfOnePlusOne_NK3_512_8_10_budget_50000_2026-10-02_10-16-36_4.txt
3,5,50000,0.7442284975477378,results_nevergrad_DiscreteLenglerHalfOnePlusOne_NK3_512_8_10_budget_50000_2026-10-02_10-16-37_5.txt
3,6,50000,0.7414913907798564,results_nevergrad_DiscreteLenglerHalfOnePlusOne_NK3_512_8_10_budget_50000_2026-10-02_10-16-36_6.txt
3,7,50000,0.7467942838857198,results_nevergrad_DiscreteLenglerHalfOnePlusOne_NK3_512_8_10_budget_50000_2026-10-02_10-16-36_7.txt
3,8,50000,0.7515280534889826,results_nevergrad_DiscreteLenglerHalfOnePlusOne_NK3_512_8_10_budget_50000_2026-10-02_10-16-36_8.txt
3,9,50000,0.7421795194386505,results_nevergrad_DiscreteLenglerHalfOnePlusOne_NK3_512_8_10_budget_50000_2026-10-02_10-16-36_9.txt
4,0,50000,0.7340761133491469,results_nevergrad_DiscreteLenglerHalfOnePlusOne_NK3_512_8_10_budget_50000_2026-10-02_10-16-36_0.txt
4,1,50000,0.7410970310738776,results_nevergrad_DiscreteLenglerHalfOnePlusOne_NK3_512_8_10_budget_50000_2026-10-02_10-16-36_1.txt
4,2,50000,0.7426742897405347,results_nevergrad_DiscreteLenglerHalfOnePlusOne_NK3_512_8_10_budget_50000_2026-10-02_10-16-36_2.txt
4,3,50000,0.7553877382815699,results_nevergrad_DiscreteLenglerHalfOnePlusOne_NK3_512_8_10_budget_50000_2026-10-02_10-16-36_3.txt
4,4,50000,0.7430929217771336,results_nevergrad_DiscreteLenglerHalfOnePlusOne_NK3_512_8_10_budget_50000_2026-10-02_10-16-36_4.txt
4,5,50000,0.7415478277871443,results_nevergrad_DiscreteLenglerHalfOnePlusOne_NK3_512_8_10_budget_50000_2026-10-02_10-16-37_5.txt
4,6,50000,0.7506198678456713,results_nevergrad_DiscreteLenglerHalfOnePlusOne_NK3_512_8_10_budget_50000_2026-10-02_10-16-36_6.txt
4,7,50000,0.7530284519889392,results_nevergrad_DiscreteLenglerHalfOnePlusOne_NK3_512_8_10_budget_50000_2026-10-02_10-16-36_7.txt
4,8,50000,0.7446485467662569,results_nevergrad_DiscreteLenglerHalfOnePlusOne_NK3_512_8_10_budget_50000_2026-10-02_10-16-36_8.txt
4,9,50000,0.7461302635601896,results_nevergrad_DiscreteLenglerHalfOnePlusOne_NK3_512_8_10_budget_50000_2026-10-02_10-16-36_9.txt
5,0,50000,0.7400975260879932,results_nevergrad_DiscreteLenglerHalfOnePlusOne_NK3_512_8_10_budget_50000_2026-10-02_10-16-36_0.txt
5,1,50000,0.7357668829517934,results_nevergrad_DiscreteLenglerHalfOnePlusOne_NK3_512_8_10_budget_50000_2026-10-02_10-16-36_1.txt
5,2,50000,0.7497167616838851,results_nevergrad_DiscreteLenglerHalfOnePlusOne_NK3_512_8_10_budget_50000_2026-10-02_10-16-36_2.txt
5,3,50000,0.7395371600359795,results_nevergrad_DiscreteLenglerHalfOnePlusOne_NK3_512_8_10_budget_50000_2026-10-02_10-16-36_3.txt
5,4,50000,0.7516578915383434,results_nevergrad_DiscreteLenglerHalfOnePlusOne_NK3_512_8_10_budget_50000_2026-10-02_10-16-36_4.txt
5,5,50000,0.7449700047582155,results_nevergrad_DiscreteLenglerHalfOnePlusOne_NK3_512_8_10_budget_50000_2026-10-02_10-16-37_5.txt
5,6,50000,0.7591922111241729,results_nevergrad_DiscreteLenglerHalfOnePlusOne_NK3_512_8_10_budget_50000_2026-10-02_10-16-36_6.txt
5,7,50000,0.7423608994240567,results_nevergrad_DiscreteLenglerHalfOnePlusOne_NK3_512_8_10_budget_50000_2026-10-02_10-16-36_7.txt
5,8,50000,0.7392170019311379,results_nevergrad_DiscreteLenglerHalfOnePlusOne_NK3_512_8_10_budget_50000_2026-10-02_10-16-36_8.txt
5,9,50000,0.7464458612048475,results_nevergrad_DiscreteLenglerHalfOnePlusOne_NK3_512_8_10_budget_50000_2026-10-02_10-16-36_9.txt
6,0,50000,0.7447402328380122,results_nevergrad_DiscreteLenglerHalfOnePlusOne_NK3_512_8_10_budget_50000_2026-10-02_10-16-36_0.txt
6,1,50000,0.7417775708527188,results_nevergrad_DiscreteLenglerHalfOnePlusOne_NK3_512_8_10_budget_50000_2026-10-02_10-16-36_1.txt
6,2,50000,0.7424159664151375,results_nevergrad_DiscreteLenglerHalfOnePlusOne_NK3_512_8_10_budget_50000_2026-10-02_10-16-36_2.txt
6,3,50000,0.7494624407306674,results_nevergrad_DiscreteLenglerHalfOnePlusOne_NK3_512_8_10_budget_50000_2026-10-02_10-16-36_3.txt
6,4,50000,0.7419492336703115,results_nevergrad_DiscreteLenglerHalfOnePlusOne_NK3_512_8_10_budget_50000_2026-10-02_10-16-36_4.txt
6,5,50000,0.742718747545041,results_nevergrad_DiscreteLenglerHalfOnePlusOne_NK3_512_8_10_budget_50000_2026-10-02_10-16-37_5.txt
6,6,50000,0.7426197936310928,results_nevergrad_DiscreteLenglerHalfOnePlusOne_NK3_512_8_10_budget_50000_2026-10-02_10-16-36_6.txt
6,7,50000,0.7409139528999731,results_nevergrad_DiscreteLenglerHalfOnePlusOne_NK3_512_8_10_budget_50000_2026-10-02_10-16-36_7.txt
6,8,50000,0.7350470450764988,results_nevergrad_DiscreteLenglerHalfOnePlusOne_NK3_512_8_10_budget_50000_2026-10-02_10-16-36_8.txt
6,9,50000,0.7374348531220676,results_nevergrad_DiscreteLenglerHalfOnePlusOne_NK3_512_8_10_budget_50000_2026-10-02_10-16-36_9.txt
7,0,50000,0.7377968724977109,results_nevergrad_DiscreteLenglerHalfOnePlusOne_NK3_512_8_10_budget_50000_2026-10-02_10-16-36_0.txt
7,1,50000,0.7403418645808415,results_nevergrad_DiscreteLenglerHalfOnePlusOne_NK3_512_8_10_budget_50000_2026-10-02_10-16-36_1.txt
7,2,50000,0.75160544585151,results_nevergrad_DiscreteLenglerHalfOnePlusOne_NK3_512_8_10_budget_50000_2026-10-02_10-16-36_2.txt
7,3,50000,0.748118991337833,results_nevergrad_DiscreteLenglerHalfOnePlusOne_NK3_512_8_10_budget_50000_2026-10-02_10-16-36_3.txt
7,4,50000,0.7526814433865638,results_nevergrad_DiscreteLenglerHalfOnePlusOne_NK3_512_8_10_budget_50000_2026-10-02_10-16-36_4.txt
7,5,50000,0.7432000213561878,results_nevergrad_DiscreteLenglerHalfOnePlusOne_NK3_512_8_10_budget_50000_2026-10-02_10-16-37_5.txt
7,6,50000,0.7546329635515576,results_nevergrad_DiscreteLenglerHalfOnePlusOne_NK3_512_8_10_budget_50000_2026-10-02_10-16-36_6.txt
7,7,50000,0.7446733014253368,results_nevergrad_DiscreteLenglerHalfOnePlusOne_NK3_512_8_10_budget_50000_2026-10-02_10-16-36_7.txt
7,8,50000,0.7407439398521092,results_nevergrad_DiscreteLenglerHalfOnePlusOne_NK3_512_8_10_budget_50000_2026-10-02_10-16-36_8.txt
7,9,50000,0.7477683255092415,results_nevergrad_DiscreteLenglerHalfOnePlusOne_NK3_512_8_10_budget_50000_2026-10-02_10-16-36_9.txt
8,0,50000,0.7420035872924018,results_nevergrad_DiscreteLenglerHalfOnePlusOne_NK3_512_8_10_budget_50000_2026-10-02_10-16-36_0.txt
8,1,50000,0.7477542972337687,results_nevergrad_DiscreteLenglerHalfOnePlusOne_NK3_512_8_10_budget_50000_2026-10-02_10-16-36_1.txt
8,2,50000,0.7424663286074065,results_nevergrad_DiscreteLenglerHalfOnePlusOne_NK3_512_8_10_budget_50000_2026-10-02_10-16-36_2.txt
8,3,50000,0.7418863199764019,results_nevergrad_DiscreteLenglerHalfOnePlusOne_NK3_512_8_10_budget_50000_2026-10-02_10-16-36_3.txt
8,4,50000,0.7464540603177738,results_nevergrad_DiscreteLenglerHalfOnePlusOne_NK3_512_8_10_budget_50000_2026-10-02_10-16-36_4.txt
8,5,50000,0.7460588064154763,results_nevergrad_DiscreteLenglerHalfOnePlusOne_NK3_512_8_10_budget_50000_2026-10-02_10-16-37_5.txt
8,6,50000,0.7453515424422221,results_nevergrad_DiscreteLenglerHalfOnePlusOne_NK3_512_8_10_budget_50000_2026-10-02_10-16-36_6.txt
8,7,50000,0.7428762160343467,results_nevergrad_DiscreteLenglerHalfOnePlusOne_NK3_512_8_10_budget_50000_2026-10-02_10-16-36_7.txt
8,8,50000,0.74675600851333,results_nevergrad_DiscreteLenglerHalfOnePlusOne_NK3_512_8_10_budget_50000_2026-10-02_10-16-36_8.txt
8,9,50000,0.7447232209360664,results_nevergrad_DiscreteLenglerHalfOnePlusOne_NK3_512_8_10_budget_50000_2026-10-02_10-16-36_9.txt
9,0,50000,0.7374172796062339,results_nevergrad_DiscreteLenglerHalfOnePlusOne_NK3_512_8_10_budget_50000_2026-10-02_10-16-36_0.txt
9,1,50000,0.7430052611261999,results_nevergrad_DiscreteLenglerHalfOnePlusOne_NK3_512_8_10_budget_50000_2026-10-02_10-16-36_1.txt
9,2,50000,0.7347249770473354,results_nevergrad_DiscreteLenglerHalfOnePlusOne_NK3_512_8_10_budget_50000_2026-10-02_10-16-36_2.txt
9,3,50000,0.7279950896736409,results_nevergrad_DiscreteLenglerHalfOnePlusOne_NK3_512_8_10_budget_50000_2026-10-02_10-16-36_3.txt
9,4,50000,0.7467606654045085,results_nevergrad_DiscreteLenglerHalfOnePlusOne_NK3_512_8_10_budget_50000_2026-10-02_10-16-36_4.txt
9,5,50000,0.7498999671570346,results_nevergrad_DiscreteLenglerHalfOnePlusOne_NK3_512_8_10_budget_50000_2026-10-02_10-16-37_5.txt
9,6,50000,0.752655670277818,results_nevergrad_DiscreteLenglerHalfOnePlusOne_NK3_512_8_10_budget_50000_2026-10-02_10-16-36_6.txt
9,7,50000,0.7509813986671361,results_nevergrad_DiscreteLenglerHalfOnePlusOne_NK3_512_8_10_budget_50000_2026-10-02_10-16-36_7.txt
9,8,50000,0.7428021277416974,results_nevergrad_DiscreteLenglerHalfOnePlusOne_NK3_512_8_10_budget_50000_2026-10-02_10-16-36_8.txt
9,9,50000,0.7555245361108973,results_nevergrad_DiscreteLenglerHalfOnePlusOne_NK3_512_8_10_budget_50000_2026-10-02_10-16-36_9.txt
